"[0.48874956369400024, 0.3592512607574463, -0.8597732186317444, 0.9997547268867493]","[0.5049136281013489, 0.33360564708709717, -0.821125328540802, 0.9994866847991943]","[0.5154710412025452, 0.33408594131469727, -0.820975124835968, 0.9996978044509888]","[0.5265719890594482, 0.33539026975631714, -0.8213922381401062, 0.999620795249939]","[0.4664975106716156, 0.3342164158821106, -0.8316075205802917, 0.9993875026702881]","[0.4532814025878906, 0.33529943227767944, -0.831466794013977, 0.9995423555374146]","[0.4416962265968323, 0.3373887538909912, -0.831636905670166, 0.999245285987854]","[0.5436880588531494, 0.35217708349227905, -0.551007866859436, 0.9996390342712402]","[0.4286345839500427, 0.35764700174331665, -0.589047908782959, 0.9992276430130005]","[0.51173335313797, 0.3941773772239685, -0.7562673687934875, 0.9998501539230347]","[0.46601566672325134, 0.39645785093307495, -0.7677318453788757, 0.9997768998146057]","[0.6265026926994324, 0.5217679738998413, -0.3818680942058563, 0.9997513890266418]","[0.3611885905265808, 0.5321248769760132, -0.38435012102127075, 0.9994761347770691]","[0.6537253856658936, 0.7362872362136841, -0.18031208217144012, 0.7767919898033142]","[0.35113662481307983, 0.7630607485771179, -0.16344892978668213, 0.33852148056030273]","[0.6474023461341858, 0.8889597654342651, -0.23814129829406738, 0.011318271979689598]","[0.3737238645553589, 0.8900828957557678, -0.21858090162277222, 0.0037701819092035294]","[0.6565457582473755, 0.9453169703483582, -0.26520124077796936, 0.0061290985904634]","[0.37609732151031494, 0.9342849850654602, -0.2488144338130951, 0.0028491709381341934]","[0.6374446749687195, 0.9563781023025513, -0.32059916853904724, 0.009621803648769855]","[0.3837394714355469, 0.9343622326850891, -0.30746397376060486, 0.0036357103381305933]","[0.6431511640548706, 0.9111505150794983, -0.2622973918914795, 0.010277410969138145]","[0.3828330934047699, 0.91139817237854, -0.24397747218608856, 0.004239949863404036]","[0.5957391262054443, 0.8469101190567017, -0.016967786476016045, 0.11276477575302124]","[0.4119246006011963, 0.8534606695175171, 0.019033705815672874, 0.10225033015012741]","[0.6022202968597412, 1.1301329135894775, 0.14531759917736053, 0.001933162217028439]","[0.4116230905056, 1.1466881036758423, 0.17789117991924286, 0.0011833530152216554]","[0.5945804119110107, 1.3681546449661255, 0.6777344942092896, 0.0004973843460902572]","[0.41290804743766785, 1.392378330230713, 0.5887680053710938, 0.0002833358012139797]","[0.5970165133476257, 1.4098362922668457, 0.7134563326835632, 0.0009732697508297861]","[0.4116499125957489, 1.4374678134918213, 0.6137861609458923, 0.0005944694275967777]","[0.5780988931655884, 1.4581925868988037, 0.3744451403617859, 0.0005572362570092082]","[0.4393250346183777, 1.4757107496261597, 0.2273027002811432, 0.0004786756180692464]"
"[0.4886093735694885, 0.3566994369029999, -1.064223289489746, 0.9997656941413879]","[0.5049558877944946, 0.3330225646495819, -1.0210226774215698, 0.9995135068893433]","[0.515495777130127, 0.33358269929885864, -1.0208245515823364, 0.9997106790542603]","[0.5265177488327026, 0.3346957862377167, -1.0211265087127686, 0.9996395111083984]","[0.46631938219070435, 0.3331543505191803, -1.0327383279800415, 0.9994238615036011]","[0.4529015123844147, 0.3342941403388977, -1.0326929092407227, 0.9995687007904053]","[0.4416951835155487, 0.3358041048049927, -1.0328317880630493, 0.9992958307266235]","[0.5436518788337708, 0.35141709446907043, -0.7133902907371521, 0.9996520280838013]","[0.4285217821598053, 0.356037437915802, -0.7538707256317139, 0.9992766976356506]","[0.51173335313797, 0.3905104696750641, -0.947003185749054, 0.9998540878295898]","[0.46560272574424744, 0.39167553186416626, -0.9588489532470703, 0.9997870326042175]","[0.6257146000862122, 0.5210253596305847, -0.5058019757270813, 0.9997138381004333]","[0.3608627915382385, 0.5320242643356323, -0.5573793053627014, 0.9994698762893677]","[0.6544452905654907, 0.7384973168373108, -0.34379342198371887, 0.7634287476539612]","[0.3494357466697693, 0.7631656527519226, -0.4489123821258545, 0.37171709537506104]","[0.6510874032974243, 0.8944109082221985, -0.46444833278656006, 0.011653930880129337]","[0.41770029067993164, 0.8678848743438721, -0.6004505157470703, 0.005505925510078669]","[0.6625667810440063, 0.9455646872520447, -0.519376277923584, 0.006274944171309471]","[0.4425864815711975, 0.906934380531311, -0.661137044429779, 0.0035951710306108]","[0.638383686542511, 0.9553519487380981, -0.5755610466003418, 0.009779084473848343]","[0.44785159826278687, 0.8929345011711121, -0.7059119939804077, 0.0045111337676644325]","[0.6410239934921265, 0.9228649139404297, -0.4920370280742645, 0.010636692866683006]","[0.4368509352207184, 0.8741596937179565, -0.6200532913208008, 0.005173910409212112]","[0.596069872379303, 0.8469294309616089, -0.01753978058695793, 0.11467152833938599]","[0.41192924976348877, 0.8533056378364563, 0.019436638802289963, 0.1085367351770401]","[0.6031026840209961, 1.1353484392166138, 0.21032093465328217, 0.0018475475953891873]","[0.4256533980369568, 1.1516456604003906, 0.2509140074253082, 0.0011471505276858807]","[0.5963783860206604, 1.3742619752883911, 0.8259043097496033, 0.0005459524691104889]","[0.41856849193573, 1.4045846462249756, 0.7479228377342224, 0.0002900596591643989]","[0.5990486145019531, 1.413485050201416, 0.8684073686599731, 0.0010508332634344697]","[0.4161301851272583, 1.4500608444213867, 0.7843632698059082, 0.0006096149445511401]","[0.57834792137146, 1.4680304527282715, 0.49543020129203796, 0.0005796669865958393]","[0.4401220679283142, 1.4881141185760498, 0.36061450839042664, 0.0005453259218484163]"
"[0.48838573694229126, 0.3556801378726959, -1.0124326944351196, 0.9997779726982117]","[0.5049812197685242, 0.332768052816391, -0.9725407361984253, 0.9995436072349548]","[0.5155342221260071, 0.3334236741065979, -0.972271203994751, 0.9997263550758362]","[0.5265119075775146, 0.33446937799453735, -0.9725603461265564, 0.9996609091758728]","[0.46610403060913086, 0.33255618810653687, -0.9814828634262085, 0.9994612336158752]","[0.45255202054977417, 0.3337147533893585, -0.9813631176948547, 0.9995954632759094]","[0.4416830241680145, 0.3349340260028839, -0.9814711213111877, 0.9993454813957214]","[0.5436422824859619, 0.3512535095214844, -0.677691638469696, 0.9996711611747742]","[0.42838630080223083, 0.355061799287796, -0.7070935368537903, 0.9993212819099426]","[0.5117321610450745, 0.3891005516052246, -0.899627685546875, 0.9998593330383301]","[0.4651670455932617, 0.38969719409942627, -0.908117413520813, 0.9997976422309875]","[0.6243300437927246, 0.5205616354942322, -0.48188844323158264, 0.9996946454048157]","[0.3604215979576111, 0.5297995209693909, -0.50425785779953, 0.999473512172699]","[0.6545217633247375, 0.7402381896972656, -0.32820403575897217, 0.7607719302177429]","[0.34719720482826233, 0.7640407085418701, -0.4555332660675049, 0.40110597014427185]","[0.6523297429084778, 0.8949939012527466, -0.4470807611942291, 0.011658011004328728]","[0.41115888953208923, 0.8133973479270935, -0.7055282592773438, 0.0076273223385214806]","[0.6696417927742004, 0.9422546029090881, -0.49603500962257385, 0.006216271780431271]","[0.43376120924949646, 0.8355898261070251, -0.7734126448631287, 0.004676264710724354]","[0.6431965231895447, 0.9527055621147156, -0.5505020618438721, 0.009678573347628117]","[0.4352398216724396, 0.8152514696121216, -0.8070952892303467, 0.005757471080869436]","[0.6410413384437561, 0.9242443442344666, -0.4737337529659271, 0.010616423562169075]","[0.42634063959121704, 0.8035933375358582, -0.7235478162765503, 0.0063376035541296005]","[0.592358410358429, 0.8466381430625916, -0.019757337868213654, 0.11575376242399216]","[0.4091392159461975, 0.8528469800949097, 0.02155381441116333, 0.11314398050308228]","[0.595578670501709, 1.1352709531784058, 0.20554117858409882, 0.00181927892845124]","[0.4225260019302368, 1.1512984037399292, 0.239210307598114, 0.0011542944703251123]","[0.5864260792732239, 1.3752468824386597, 0.8039168119430542, 0.0005574229289777577]","[0.4055839776992798, 1.405883550643921, 0.7027283906936646, 0.00029443635139614344]","[0.588787853717804, 1.4137382507324219, 0.8446277976036072, 0.0010618527885526419]","[0.4013940691947937, 1.4513763189315796, 0.7344750165939331, 0.0006064224289730191]","[0.5646237134933472, 1.470320224761963, 0.47749611735343933, 0.0005912264459766448]","[0.4011844992637634, 1.5474812984466553, 0.3144785463809967, 0.0005627309437841177]"
"[0.48752307891845703, 0.35565999150276184, -1.0041308403015137, 0.9997918009757996]","[0.5046749711036682, 0.3327072858810425, -0.9665403366088867, 0.9995742440223694]","[0.5154107809066772, 0.33333685994148254, -0.9663016200065613, 0.9997419118881226]","[0.5261030197143555, 0.33426621556282043, -0.9664570689201355, 0.9996808767318726]","[0.4653145372867584, 0.3325474262237549, -0.9720681309700012, 0.9995008707046509]","[0.4517711400985718, 0.33369672298431396, -0.971953809261322, 0.9996244311332703]","[0.4415578842163086, 0.3348720371723175, -0.97212153673172, 0.9993973970413208]","[0.5434098243713379, 0.3509272336959839, -0.6655262112617493, 0.9996907711029053]","[0.428287535905838, 0.354890912771225, -0.6828304529190063, 0.9993703365325928]","[0.5115334391593933, 0.38879433274269104, -0.8884362578392029, 0.9998658895492554]","[0.4648759365081787, 0.38921138644218445, -0.8931012749671936, 0.9998099207878113]","[0.6241821050643921, 0.5192063450813293, -0.46480047702789307, 0.9996705055236816]","[0.3609873950481415, 0.5296603441238403, -0.4824930727481842, 0.9994879364967346]","[0.6548604369163513, 0.7398820519447327, -0.3436301052570343, 0.7653582692146301]","[0.34767240285873413, 0.775599479675293, -0.6060142517089844, 0.44620099663734436]","[0.6519428491592407, 0.891493022441864, -0.4878057539463043, 0.013651194982230663]","[0.4252723455429077, 0.7080618739128113, -1.0089287757873535, 0.0438278503715992]","[0.671353280544281, 0.9336900115013123, -0.532856822013855, 0.007265768479555845]","[0.45663386583328247, 0.6949065923690796, -1.0956525802612305, 0.02493893913924694]","[0.6449097394943237, 0.9467256665229797, -0.587494969367981, 0.011030047200620174]","[0.44580352306365967, 0.6655269265174866, -1.096995234489441, 0.025101175531744957]","[0.6513519883155823, 0.9238382577896118, -0.5139387249946594, 0.01237214170396328]","[0.43851882219314575, 0.6713423132896423, -1.0161057710647583, 0.024736005812883377]","[0.5924106240272522, 0.8461456894874573, -0.020728209987282753, 0.12426400929689407]","[0.41157767176628113, 0.8527916669845581, 0.022456303238868713, 0.12739944458007812]","[0.5964552760124207, 1.134211540222168, 0.2058960646390915, 0.0019271273631602526]","[0.4222351014614105, 1.1484483480453491, 0.2365843653678894, 0.0013462885981425643]","[0.58766108751297, 1.3740904331207275, 0.7953702807426453, 0.0006179322372190654]","[0.40674352645874023, 1.4055423736572266, 0.7086294293403625, 0.000336302793584764]","[0.5893974304199219, 1.4090534448623657, 0.8332507014274597, 0.0011156745022162795]","[0.40154194831848145, 1.4467604160308838, 0.7417591214179993, 0.0006276246276684105]","[0.5686292052268982, 1.4702199697494507, 0.45529258251190186, 0.000621455954387784]","[0.40889859199523926, 1.5234777927398682, 0.30767256021499634, 0.0006096933502703905]"
"[0.48655709624290466, 0.35565751791000366, -0.9083447456359863, 0.9998095035552979]","[0.503986120223999, 0.3326495885848999, -0.86692214012146, 0.9996102452278137]","[0.5150715112686157, 0.3332497775554657, -0.8667386174201965, 0.9997622966766357]","[0.5253061652183533, 0.3340004086494446, -0.86667400598526, 0.9997053146362305]","[0.46415579319000244, 0.3325543999671936, -0.8661274909973145, 0.9995444416999817]","[0.45068222284317017, 0.33370107412338257, -0.8659161329269409, 0.999657154083252]","[0.44126611948013306, 0.3348805606365204, -0.866016685962677, 0.999451756477356]","[0.5430773496627808, 0.3499065041542053, -0.5643795728683472, 0.9997151494026184]","[0.42814958095550537, 0.35484471917152405, -0.553533136844635, 0.9994261860847473]","[0.5112886428833008, 0.3885287642478943, -0.7955493330955505, 0.9998759031295776]","[0.46436968445777893, 0.3890751004219055, -0.7913548350334167, 0.9998252987861633]","[0.6244292259216309, 0.5182937979698181, -0.37072035670280457, 0.9996799826622009]","[0.3616500496864319, 0.5294972062110901, -0.41871270537376404, 0.9995254278182983]","[0.656725287437439, 0.7413958311080933, -0.30223387479782104, 0.7640615701675415]","[0.35046425461769104, 0.7880516648292542, -0.6962519884109497, 0.4960835576057434]","[0.6544961929321289, 0.890802264213562, -0.43517374992370605, 0.02117472141981125]","[0.4170471131801605, 0.6344585418701172, -1.2943181991577148, 0.1333567202091217]","[0.681691586971283, 0.933840811252594, -0.47720620036125183, 0.012245499528944492]","[0.43980535864830017, 0.5804014801979065, -1.408102035522461, 0.107213094830513]","[0.670417070388794, 0.9469180703163147, -0.523574948310852, 0.01838584989309311]","[0.4385695457458496, 0.55110102891922, -1.3924747705459595, 0.1071106418967247]","[0.6606187224388123, 0.9241446256637573, -0.4587128460407257, 0.02062375098466873]","[0.43180975317955017, 0.5681039094924927, -1.298836588859558, 0.10336310416460037]","[0.5942937731742859, 0.8457614779472351, -0.02073117159307003, 0.12160446494817734]","[0.4119810163974762, 0.8527889847755432, 0.02248246781527996, 0.1266787201166153]","[0.5961586833000183, 1.1388037204742432, 0.2030097246170044, 0.0019547936972230673]","[0.42167922854423523, 1.150110125541687, 0.24580074846744537, 0.0013985767727717757]","[0.5879466533660889, 1.3804168701171875, 0.7878684401512146, 0.0006198574556037784]","[0.40702712535858154, 1.4103063344955444, 0.7325103282928467, 0.00032148661557585]","[0.5897760987281799, 1.414290189743042, 0.8247504234313965, 0.001083172857761383]","[0.402465283870697, 1.450263500213623, 0.7685240507125854, 0.000589077768381685]","[0.5690252780914307, 1.476651668548584, 0.4494698643684387, 0.0005999258137308061]","[0.4092894494533539, 1.514721393585205, 0.33007022738456726, 0.000580851745326072]"
"[0.4865609109401703, 0.35543662309646606, -0.8091949820518494, 0.9998248815536499]","[0.503971517086029, 0.332486093044281, -0.7656589150428772, 0.9996411204338074]","[0.5150399208068848, 0.3331020772457123, -0.765476405620575, 0.9997795224189758]","[0.5250574946403503, 0.3336871862411499, -0.7654039859771729, 0.9997254014015198]","[0.46414822340011597, 0.3324407935142517, -0.768339991569519, 0.999582827091217]","[0.45064154267311096, 0.3335248827934265, -0.7681586742401123, 0.9996863603591919]","[0.4412565529346466, 0.33456385135650635, -0.7683112025260925, 0.9995001554489136]","[0.5428078770637512, 0.3495171070098877, -0.47042399644851685, 0.9997352361679077]","[0.4280107021331787, 0.35449448227882385, -0.4726405441761017, 0.9994760155677795]","[0.5113213062286377, 0.3884056508541107, -0.7008877396583557, 0.9998835921287537]","[0.4643794298171997, 0.3888612985610962, -0.7014479637145996, 0.9998379349708557]","[0.6244324445724487, 0.5176857113838196, -0.29593002796173096, 0.9996894001960754]","[0.36266300082206726, 0.5278268456459045, -0.3646419942378998, 0.9995622038841248]","[0.6580536365509033, 0.7426342964172363, -0.2363603711128235, 0.7717501521110535]","[0.35506755113601685, 0.7889863848686218, -0.7071860432624817, 0.542851448059082]","[0.6560479402542114, 0.8903083205223083, -0.4101862907409668, 0.033770445734262466]","[0.41543981432914734, 0.6055249571800232, -1.308448076248169, 0.21777234971523285]","[0.6863967180252075, 0.9342815279960632, -0.4617235064506531, 0.020509565249085426]","[0.43465104699134827, 0.5499269962310791, -1.419811487197876, 0.19026467204093933]","[0.6798267960548401, 0.9465882778167725, -0.49840161204338074, 0.029648691415786743]","[0.4320274889469147, 0.5219299793243408, -1.3978372812271118, 0.18951570987701416]","[0.6657637357711792, 0.9237900376319885, -0.4393581748008728, 0.03367437422275543]","[0.42657384276390076, 0.5386832356452942, -1.310189127922058, 0.18454894423484802]","[0.5961993932723999, 0.8451072573661804, -0.0164593905210495, 0.131272554397583]","[0.4123580753803253, 0.8524826765060425, 0.018256861716508865, 0.14032882452011108]","[0.5962404608726501, 1.1371532678604126, 0.19789907336235046, 0.001957518747076392]","[0.4215124845504761, 1.1463110446929932, 0.23832158744335175, 0.0014440006343647838]","[0.5881234407424927, 1.3790318965911865, 0.7262027263641357, 0.0006175413727760315]","[0.4074328541755676, 1.407472014427185, 0.7018051743507385, 0.00031484634382650256]","[0.5898715257644653, 1.4110034704208374, 0.7569923400878906, 0.0010605824645608664]","[0.4025912284851074, 1.4447922706604004, 0.7382381558418274, 0.000555463891942054]","[0.5691731572151184, 1.475184440612793, 0.3927393853664398, 0.0005830042064189911]","[0.4099988043308258, 1.5035812854766846, 0.29055169224739075, 0.000555089209228754]"
"[0.4865812659263611, 0.35511094331741333, -0.6647788286209106, 0.9998323917388916]","[0.5040568709373474, 0.33229580521583557, -0.6257069706916809, 0.9996542930603027]","[0.5150549411773682, 0.33300653100013733, -0.6254863739013672, 0.9997811317443848]","[0.5250445008277893, 0.3335569202899933, -0.6254419684410095, 0.9997274875640869]","[0.46425962448120117, 0.33180636167526245, -0.6281992793083191, 0.999605655670166]","[0.45065122842788696, 0.3324943780899048, -0.6280288100242615, 0.9997032284736633]","[0.4412466585636139, 0.3329111635684967, -0.6281851530075073, 0.9995346665382385]","[0.5428037047386169, 0.34952807426452637, -0.3673713505268097, 0.9997369647026062]","[0.42751166224479675, 0.3527696132659912, -0.36744096875190735, 0.9995081424713135]","[0.5112773180007935, 0.3884463310241699, -0.5705817937850952, 0.999882161617279]","[0.4643003046512604, 0.3888914883136749, -0.5707328915596008, 0.9998427033424377]","[0.6233447194099426, 0.5167834758758545, -0.23390862345695496, 0.9996820092201233]","[0.3624131381511688, 0.5265371799468994, -0.29761502146720886, 0.9995929598808289]","[0.6585293412208557, 0.7456104159355164, -0.1743023842573166, 0.7748159170150757]","[0.3569357693195343, 0.7885843515396118, -0.6582066416740417, 0.5852546095848083]","[0.6554350852966309, 0.8902509808540344, -0.2775638997554779, 0.03890597075223923]","[0.41574716567993164, 0.5874631404876709, -1.2030935287475586, 0.2945050001144409]","[0.6843657493591309, 0.9344851970672607, -0.30576092004776, 0.024319803342223167]","[0.4349631071090698, 0.5298362374305725, -1.3065916299819946, 0.26678720116615295]","[0.677172839641571, 0.9467569589614868, -0.33736947178840637, 0.03463061898946762]","[0.4307185709476471, 0.5045596361160278, -1.2786957025527954, 0.26539450883865356]","[0.6638355851173401, 0.9242728352546692, -0.29604434967041016, 0.04011697322130203]","[0.4257698953151703, 0.5187620520591736, -1.2019777297973633, 0.2598426938056946]","[0.5962402820587158, 0.8444724082946777, -0.011232792399823666, 0.1467006653547287]","[0.41189560294151306, 0.8518097996711731, 0.013067618012428284, 0.16026842594146729]","[0.5963455438613892, 1.1322556734085083, 0.18619102239608765, 0.0020653095562011003]","[0.41957202553749084, 1.1425011157989502, 0.20438168942928314, 0.0015928484499454498]","[0.5883015990257263, 1.3749351501464844, 0.6766582727432251, 0.0006150907138362527]","[0.40821871161460876, 1.400626540184021, 0.6046823859214783, 0.00031334543018601835]","[0.5900416374206543, 1.4061917066574097, 0.7067480683326721, 0.0010514749446883798]","[0.40327227115631104, 1.4366979598999023, 0.6341345310211182, 0.0005247542285360396]","[0.5736324191093445, 1.4717013835906982, 0.37869909405708313, 0.0005622715107165277]","[0.41330429911613464, 1.4924525022506714, 0.23979999125003815, 0.000524461327586323]"
"[0.4869407117366791, 0.35412752628326416, -0.7012647390365601, 0.9998389482498169]","[0.5044835805892944, 0.33122631907463074, -0.6620885729789734, 0.9996656179428101]","[0.5151623487472534, 0.33202189207077026, -0.6618375778198242, 0.999782919883728]","[0.5251357555389404, 0.3325999081134796, -0.6618171334266663, 0.999729573726654]","[0.4648066461086273, 0.32973775267601013, -0.6651903986930847, 0.9996249079704285]","[0.45114758610725403, 0.3299303650856018, -0.6650415062904358, 0.9997177720069885]","[0.4413183629512787, 0.3299840986728668, -0.6652049422264099, 0.9995641708374023]","[0.5427923202514648, 0.3491998612880707, -0.3979361355304718, 0.9997394680976868]","[0.4271867275238037, 0.34989815950393677, -0.40112072229385376, 0.9995344877243042]","[0.5112656950950623, 0.38833287358283997, -0.6043415665626526, 0.999881386756897]","[0.4643060863018036, 0.38848868012428284, -0.605413019657135, 0.9998462200164795]","[0.622288167476654, 0.5147145390510559, -0.2590412497520447, 0.9996802806854248]","[0.3616475462913513, 0.5242947936058044, -0.3243791460990906, 0.9996206164360046]","[0.6584557294845581, 0.7488998770713806, -0.18971413373947144, 0.7820243835449219]","[0.3579656481742859, 0.7873511910438538, -0.7035351991653442, 0.6235437989234924]","[0.6547017693519592, 0.8913114070892334, -0.2846755087375641, 0.045798059552907944]","[0.42187848687171936, 0.5743401646614075, -1.2464429140090942, 0.3635905683040619]","[0.6830400824546814, 0.9365281462669373, -0.31290316581726074, 0.02884931117296219]","[0.44003981351852417, 0.5151658058166504, -1.3503793478012085, 0.3356841802597046]","[0.6749331951141357, 0.9478700757026672, -0.3463262915611267, 0.04035700112581253]","[0.43425390124320984, 0.4926213026046753, -1.322819709777832, 0.33357152342796326]","[0.6625182032585144, 0.9264951348304749, -0.3026065528392792, 0.04755153879523277]","[0.4300057888031006, 0.5060291886329651, -1.2448798418045044, 0.32752275466918945]","[0.5953667759895325, 0.8439859747886658, -0.007499251049011946, 0.1705719232559204]","[0.4100397527217865, 0.8514307141304016, 0.009322147816419601, 0.18713587522506714]","[0.5962925553321838, 1.129744052886963, 0.18487435579299927, 0.0021455660462379456]","[0.4148101210594177, 1.1405242681503296, 0.19826754927635193, 0.0017081632977351546]","[0.5882974863052368, 1.3713057041168213, 0.6872869729995728, 0.0006267354474402964]","[0.4083840250968933, 1.3954989910125732, 0.6050797700881958, 0.0003148837713524699]","[0.5897112488746643, 1.4021960496902466, 0.7192955017089844, 0.0010695747332647443]","[0.4036993980407715, 1.430977463722229, 0.6350839734077454, 0.0004991973401047289]","[0.5743634104728699, 1.4686800241470337, 0.3857373297214508, 0.000549834338016808]","[0.4138113856315613, 1.486416220664978, 0.24349717795848846, 0.0004984398256056011]"
"[0.4877166450023651, 0.3534490168094635, -0.7112759351730347, 0.9998393058776855]","[0.5049692988395691, 0.33020448684692383, -0.673506498336792, 0.9996629953384399]","[0.5152934193611145, 0.3309940695762634, -0.6732537746429443, 0.9997738003730774]","[0.5253019332885742, 0.33157670497894287, -0.6732127070426941, 0.9997183680534363]","[0.4654398262500763, 0.3284566104412079, -0.6768602132797241, 0.9996309280395508]","[0.45167115330696106, 0.3287510275840759, -0.6767532229423523, 0.999722421169281]","[0.4413846433162689, 0.3289790749549866, -0.6769349575042725, 0.9995813965797424]","[0.5427897572517395, 0.3486911356449127, -0.4123355746269226, 0.999729573726654]","[0.42698681354522705, 0.34909072518348694, -0.4167179763317108, 0.9995448589324951]","[0.5114472508430481, 0.3882996737957001, -0.6149746775627136, 0.9998738169670105]","[0.4646914303302765, 0.3883324861526489, -0.6163190007209778, 0.9998422265052795]","[0.6219419836997986, 0.5138593316078186, -0.27627480030059814, 0.9996710419654846]","[0.3606991171836853, 0.5231831669807434, -0.3370911478996277, 0.9996420741081238]","[0.6583319902420044, 0.750748872756958, -0.1901007741689682, 0.7901124954223633]","[0.3581514358520508, 0.7865109443664551, -0.6959313750267029, 0.6579514741897583]","[0.6533258557319641, 0.8923283815383911, -0.2853533923625946, 0.05071550980210304]","[0.4272345304489136, 0.5683959126472473, -1.1992762088775635, 0.4254494309425354]","[0.6820743083953857, 0.9389379620552063, -0.32111111283302307, 0.032040681689977646]","[0.44445398449897766, 0.5086542367935181, -1.2982510328292847, 0.3968551456928253]","[0.6725042462348938, 0.951237678527832, -0.3709028661251068, 0.04433495178818703]","[0.43847742676734924, 0.4881429672241211, -1.270529866218567, 0.3939678370952606]","[0.6602025628089905, 0.9298552870750427, -0.3132767975330353, 0.0530543252825737]","[0.43409058451652527, 0.5018052458763123, -1.1969395875930786, 0.38746145367622375]","[0.5943323969841003, 0.8439677953720093, -0.005918875336647034, 0.190824493765831]","[0.40824830532073975, 0.8514262437820435, 0.007726261392235756, 0.21045570075511932]","[0.5943180918693542, 1.1293580532073975, 0.18260392546653748, 0.0022457141894847155]","[0.40992844104766846, 1.13975989818573, 0.183634951710701, 0.001838439959101379]","[0.5866090059280396, 1.3706485033035278, 0.6803500652313232, 0.0006372260395437479]","[0.4071265757083893, 1.3936834335327148, 0.5767413973808289, 0.00032081830431707203]","[0.5875945687294006, 1.4015653133392334, 0.7124323844909668, 0.0010793778346851468]","[0.40276607871055603, 1.4291255474090576, 0.6049490571022034, 0.0004769015940837562]","[0.5741697549819946, 1.4681755304336548, 0.38694632053375244, 0.0005456613725982606]","[0.41749057173728943, 1.4844619035720825, 0.2195710390806198, 0.0004765324993059039]"
"[0.488866925239563, 0.35210028290748596, -0.6990891098976135, 0.99984210729599]","[0.5054844617843628, 0.32872340083122253, -0.661405086517334, 0.9996659755706787]","[0.5155394673347473, 0.3294753432273865, -0.6611530780792236, 0.9997709393501282]","[0.5255752205848694, 0.3299967050552368, -0.6611066460609436, 0.9997147917747498]","[0.46627187728881836, 0.32687100768089294, -0.6653034687042236, 0.9996400475502014]","[0.4526067078113556, 0.32721003890037537, -0.6651933789253235, 0.9997292757034302]","[0.4416768252849579, 0.327675461769104, -0.6653739213943481, 0.999599039554596]","[0.5427864193916321, 0.34702929854393005, -0.40230798721313477, 0.9997279047966003]","[0.42702603340148926, 0.34789177775382996, -0.40936511754989624, 0.9995575547218323]","[0.5121175050735474, 0.3877365291118622, -0.6037055253982544, 0.9998706579208374]","[0.46607881784439087, 0.3877664804458618, -0.6058037877082825, 0.999841570854187]","[0.6218771934509277, 0.5126532912254333, -0.2728124260902405, 0.999671995639801]","[0.3604087233543396, 0.522325873374939, -0.33387577533721924, 0.9996618628501892]","[0.6583296656608582, 0.750713586807251, -0.19607855379581451, 0.7988539338111877]","[0.3588979244232178, 0.7858757972717285, -0.6830397844314575, 0.6882923245429993]","[0.6531694531440735, 0.8929270505905151, -0.30426114797592163, 0.05727408081293106]","[0.4289001226425171, 0.5682153105735779, -1.1867059469223022, 0.48107942938804626]","[0.68157559633255, 0.940354585647583, -0.34000617265701294, 0.036475151777267456]","[0.44615891575813293, 0.509240984916687, -1.2856945991516113, 0.4520599842071533]","[0.6720675826072693, 0.9528176188468933, -0.3714054226875305, 0.05005823075771332]","[0.4399411976337433, 0.4886946976184845, -1.2597568035125732, 0.4485475718975067]","[0.6596071720123291, 0.9311336874961853, -0.3254815936088562, 0.06059340387582779]","[0.43547824025154114, 0.501642107963562, -1.1853337287902832, 0.44170549511909485]","[0.5938454866409302, 0.8439093232154846, -0.004224878270179033, 0.2066088169813156]","[0.40784651041030884, 0.8514289259910583, 0.006054101977497339, 0.22798386216163635]","[0.5943390130996704, 1.128616452217102, 0.17832614481449127, 0.0022967432159930468]","[0.40866389870643616, 1.139237403869629, 0.17319898307323456, 0.0019037574529647827]","[0.5865592360496521, 1.3701070547103882, 0.6678184270858765, 0.0006416123942472041]","[0.4071212410926819, 1.3927233219146729, 0.5583193898200989, 0.00032046451815404]","[0.5874308943748474, 1.4011584520339966, 0.6990020871162415, 0.0010861842893064022]","[0.402855783700943, 1.4284298419952393, 0.5853572487831116, 0.0004525391268543899]","[0.5742126703262329, 1.4675886631011963, 0.3794112801551819, 0.0005388525314629078]","[0.41888976097106934, 1.4831362962722778, 0.2024114429950714, 0.0004537754866760224]"
"[0.4891035556793213, 0.35006940364837646, -0.6934021711349487, 0.9998491406440735]","[0.5057110786437988, 0.3270394802093506, -0.6544323563575745, 0.9996780753135681]","[0.5157264471054077, 0.3280133008956909, -0.6541752815246582, 0.9997758865356445]","[0.5258312225341797, 0.32868826389312744, -0.6541100144386292, 0.999720573425293]","[0.46644625067710876, 0.3246382772922516, -0.6577491164207458, 0.9996570944786072]","[0.45277005434036255, 0.32485806941986084, -0.6576045751571655, 0.9997422695159912]","[0.44168904423713684, 0.32540270686149597, -0.6577798128128052, 0.9996228218078613]","[0.5429421067237854, 0.34604328870773315, -0.3923696279525757, 0.9997338056564331]","[0.4270063042640686, 0.3461354672908783, -0.39677825570106506, 0.9995799660682678]","[0.5122063755989075, 0.38691237568855286, -0.5974360704421997, 0.9998723864555359]","[0.46614792943000793, 0.3867735266685486, -0.5988266468048096, 0.9998461604118347]","[0.6215452551841736, 0.5117138028144836, -0.26115113496780396, 0.9996773600578308]","[0.3602106273174286, 0.5216714143753052, -0.32764068245887756, 0.9996826648712158]","[0.659070611000061, 0.7504932284355164, -0.20237970352172852, 0.8072056174278259]","[0.35929447412490845, 0.785448431968689, -0.6865932941436768, 0.7158722877502441]","[0.6530163884162903, 0.8929119110107422, -0.31118690967559814, 0.06551438570022583]","[0.4301294982433319, 0.571325957775116, -1.2023229598999023, 0.5315752029418945]","[0.6814900040626526, 0.9409891366958618, -0.34601786732673645, 0.042200226336717606]","[0.4472830295562744, 0.5117647051811218, -1.3050730228424072, 0.5029920935630798]","[0.6725424528121948, 0.953260600566864, -0.38141968846321106, 0.05737968161702156]","[0.4408167004585266, 0.4901842772960663, -1.2772252559661865, 0.4991341233253479]","[0.6593044996261597, 0.9313441514968872, -0.3323054909706116, 0.06987427175045013]","[0.43638330698013306, 0.5026983022689819, -1.200618863105774, 0.49214085936546326]","[0.5937083959579468, 0.843859851360321, -0.002763004507869482, 0.22027455270290375]","[0.4076947569847107, 0.8513632416725159, 0.004651249386370182, 0.24235112965106964]","[0.5944361686706543, 1.1280657052993774, 0.178510382771492, 0.002283591777086258]","[0.4085586667060852, 1.1385518312454224, 0.1727885752916336, 0.0019119944190606475]","[0.5866310596466064, 1.3695182800292969, 0.6765649914741516, 0.0006291398894973099]","[0.40724310278892517, 1.3912642002105713, 0.5659617185592651, 0.0003111602272838354]","[0.587542712688446, 1.4008817672729492, 0.7084067463874817, 0.0010614031925797462]","[0.4030887484550476, 1.4271305799484253, 0.5938273668289185, 0.000424316298449412]","[0.5747491121292114, 1.4662467241287231, 0.3830339312553406, 0.0005211065872572362]","[0.420520544052124, 1.4811575412750244, 0.20641404390335083, 0.0004280865250620991]"
"[0.48952820897102356, 0.34868839383125305, -0.6607949733734131, 0.9998546242713928]","[0.5061777234077454, 0.32615548372268677, -0.6194891929626465, 0.9996875524520874]","[0.5162645578384399, 0.32712528109550476, -0.6192594766616821, 0.9997787475585938]","[0.5264847278594971, 0.327815443277359, -0.6191842555999756, 0.9997243285179138]","[0.46692225337028503, 0.323507159948349, -0.6229723691940308, 0.9996712803840637]","[0.45316264033317566, 0.32351958751678467, -0.6228190660476685, 0.9997527003288269]","[0.4417665898799896, 0.32393568754196167, -0.6230006814002991, 0.9996433854103088]","[0.5433998107910156, 0.34534138441085815, -0.3558342158794403, 0.9997373223304749]","[0.42710354924201965, 0.3445283770561218, -0.3606070876121521, 0.9995983839035034]","[0.5123389363288879, 0.38621950149536133, -0.5652340650558472, 0.9998723268508911]","[0.46648329496383667, 0.38575130701065063, -0.5667681097984314, 0.9998491406440735]","[0.6214690208435059, 0.5114307403564453, -0.23498448729515076, 0.9996777772903442]","[0.36014339327812195, 0.5214866995811462, -0.2979280948638916, 0.9996992945671082]","[0.6594700217247009, 0.750489354133606, -0.19368761777877808, 0.8133012056350708]","[0.35964077711105347, 0.7853888273239136, -0.6635343432426453, 0.7406095862388611]","[0.6525115370750427, 0.8930049538612366, -0.30863237380981445, 0.07121369987726212]","[0.4299778938293457, 0.575922966003418, -1.1815695762634277, 0.5767820477485657]","[0.6890737414360046, 0.9450493454933167, -0.3428754508495331, 0.04636671766638756]","[0.44717860221862793, 0.5175885558128357, -1.2842105627059937, 0.5482385158538818]","[0.6725460290908813, 0.9540621042251587, -0.3769536316394806, 0.06277776509523392]","[0.4407956600189209, 0.4939236044883728, -1.2556886672973633, 0.5440201759338379]","[0.6590230464935303, 0.9320734143257141, -0.3282523453235626, 0.07668507844209671]","[0.43638402223587036, 0.5067005157470703, -1.1798712015151978, 0.5367500185966492]","[0.5938901305198669, 0.8440466523170471, -0.002817339962348342, 0.2288261353969574]","[0.4077957272529602, 0.8516361713409424, 0.004740833770483732, 0.2519438862800598]","[0.5947797894477844, 1.1280823945999146, 0.17220811545848846, 0.002279715146869421]","[0.40862134099006653, 1.1386582851409912, 0.17022714018821716, 0.001932234037667513]","[0.5872121453285217, 1.3696852922439575, 0.666050374507904, 0.0006146950181573629]","[0.4077017307281494, 1.3913146257400513, 0.5602798461914062, 0.0003046696074306965]","[0.58797287940979, 1.4010812044143677, 0.6969555020332336, 0.0010337934363633394]","[0.4033757150173187, 1.4275528192520142, 0.5876349806785583, 0.0004001109628006816]","[0.5764549374580383, 1.4661216735839844, 0.3722744882106781, 0.000506118405610323]","[0.4225001335144043, 1.4812992811203003, 0.19996356964111328, 0.00040653423639014363]"
"[0.4897575080394745, 0.34835079312324524, -0.6870423555374146, 0.9998592734336853]","[0.5063299536705017, 0.3259214162826538, -0.6465315222740173, 0.9996953010559082]","[0.5163962841033936, 0.3268733620643616, -0.6462998986244202, 0.9997808337211609]","[0.5266997814178467, 0.32755857706069946, -0.6462212204933167, 0.9997267723083496]","[0.4670458734035492, 0.3231746256351471, -0.649932324886322, 0.9996834993362427]","[0.4532727301120758, 0.3231084942817688, -0.6498063206672668, 0.9997618198394775]","[0.4417937099933624, 0.323516309261322, -0.6499942541122437, 0.999661386013031]","[0.5434863567352295, 0.34505513310432434, -0.38082483410835266, 0.9997390508651733]","[0.42717310786247253, 0.3442443013191223, -0.3854937255382538, 0.9996132254600525]","[0.5124809741973877, 0.3857607841491699, -0.5901965498924255, 0.999871015548706]","[0.46681147813796997, 0.3852963447570801, -0.5917025804519653, 0.9998503923416138]","[0.6214722990989685, 0.511364758014679, -0.25414717197418213, 0.9996741414070129]","[0.3599835932254791, 0.5215448141098022, -0.31149691343307495, 0.9997127652168274]","[0.6594395637512207, 0.7514374256134033, -0.1992911696434021, 0.8188967704772949]","[0.36114734411239624, 0.7853215932846069, -0.6801806688308716, 0.7628037333488464]","[0.6509785652160645, 0.8942463994026184, -0.3211168944835663, 0.0769902691245079]","[0.4300197660923004, 0.5775160789489746, -1.2025071382522583, 0.6174090504646301]","[0.6894282102584839, 0.9507853388786316, -0.35499534010887146, 0.050480134785175323]","[0.4476165175437927, 0.518164336681366, -1.3042858839035034, 0.5887811779975891]","[0.6720354557037354, 0.9573769569396973, -0.3846646845340729, 0.06810807436704636]","[0.4412345290184021, 0.4942121207714081, -1.2752602100372314, 0.5842142701148987]","[0.658137321472168, 0.9350089430809021, -0.3389285206794739, 0.08327668905258179]","[0.436787486076355, 0.5068542957305908, -1.2003928422927856, 0.5766212940216064]","[0.5938971638679504, 0.8442404866218567, -0.0031597416382282972, 0.23594100773334503]","[0.4078463017940521, 0.8517396450042725, 0.005081669427454472, 0.26053765416145325]","[0.5948530435562134, 1.1283204555511475, 0.16972486674785614, 0.0022780944127589464]","[0.40862715244293213, 1.1387708187103271, 0.17332281172275543, 0.0019468975951895118]","[0.5872452259063721, 1.3701634407043457, 0.6678330898284912, 0.000605541339609772]","[0.40766799449920654, 1.3920730352401733, 0.5719701647758484, 0.0003006293554790318]","[0.5879823565483093, 1.4015392065048218, 0.6992136240005493, 0.0010129886213690042]","[0.40335801243782043, 1.428218960762024, 0.5999720096588135, 0.0003791136550717056]","[0.576465368270874, 1.4664722681045532, 0.37254104018211365, 0.0004987508291378617]","[0.42362192273139954, 1.4817386865615845, 0.20868104696273804, 0.00039008245221339166]"
"[0.48966118693351746, 0.3482871949672699, -0.7046226263046265, 0.9998644590377808]","[0.5063192248344421, 0.32594045996665955, -0.6585630178451538, 0.9997040033340454]","[0.5163881778717041, 0.32689276337623596, -0.6583762168884277, 0.9997844099998474]","[0.5266940593719482, 0.32757803797721863, -0.6579665541648865, 0.9997304081916809]","[0.4670214354991913, 0.32318320870399475, -0.6553024053573608, 0.9996952414512634]","[0.45323583483695984, 0.32309868931770325, -0.655264139175415, 0.9997710585594177]","[0.441753625869751, 0.3234466016292572, -0.6555278301239014, 0.9996780157089233]","[0.5435124039649963, 0.3450669050216675, -0.3954610526561737, 0.9997424483299255]","[0.4272935688495636, 0.3441345691680908, -0.40765243768692017, 0.9996283054351807]","[0.5124035477638245, 0.38563892245292664, -0.6012057662010193, 0.9998717308044434]","[0.4665384292602539, 0.38507652282714844, -0.5941267609596252, 0.9998522400856018]","[0.6214748024940491, 0.5113879442214966, -0.2626630365848541, 0.9996722936630249]","[0.36002033948898315, 0.521416187286377, -0.3120763897895813, 0.9997252225875854]","[0.6594273447990417, 0.7521638870239258, -0.22403715550899506, 0.8260011076927185]","[0.3640871047973633, 0.7852322459220886, -0.7130777835845947, 0.783389687538147]","[0.6507202386856079, 0.8943676352500916, -0.34866634011268616, 0.08714397251605988]","[0.431379497051239, 0.5764707326889038, -1.249479055404663, 0.6543518900871277]","[0.6895101070404053, 0.9523280262947083, -0.3840028941631317, 0.057247355580329895]","[0.4494164288043976, 0.5145626664161682, -1.356684923171997, 0.626215398311615]","[0.6715697646141052, 0.9579136371612549, -0.4175218939781189, 0.07646077871322632]","[0.44266894459724426, 0.49224764108657837, -1.328466534614563, 0.6214357018470764]","[0.6578184366226196, 0.9352152943611145, -0.36744314432144165, 0.09340056777000427]","[0.438336044549942, 0.5050389170646667, -1.2486785650253296, 0.6138087511062622]","[0.5939028859138489, 0.8443553447723389, -0.0033173286356031895, 0.24520044028759003]","[0.40789559483528137, 0.8517473936080933, 0.005249630659818649, 0.2713165283203125]","[0.5948835611343384, 1.1289397478103638, 0.18138739466667175, 0.0022590013686567545]","[0.4090011715888977, 1.1390135288238525, 0.1821458488702774, 0.001965364906936884]","[0.5876838564872742, 1.3704876899719238, 0.711951494216919, 0.0005995648680254817]","[0.40848666429519653, 1.3925306797027588, 0.6049021482467651, 0.000298516039038077]","[0.5885508060455322, 1.4019256830215454, 0.7457975149154663, 0.0009901573648676276]","[0.40432220697402954, 1.4285814762115479, 0.6356944441795349, 0.0003623011289164424]","[0.5772699117660522, 1.4664133787155151, 0.4078191816806793, 0.0004900116473436356]","[0.42472901940345764, 1.4818254709243774, 0.23212981224060059, 0.00037908414378762245]"
"[0.4896424412727356, 0.3482450246810913, -0.7133104205131531, 0.9998695254325867]","[0.5063475966453552, 0.3259453773498535, -0.6702102422714233, 0.9997134208679199]","[0.5164086818695068, 0.3268827795982361, -0.6700038909912109, 0.9997886419296265]","[0.5267230868339539, 0.32754504680633545, -0.6698122024536133, 0.9997351765632629]","[0.46704423427581787, 0.3232330083847046, -0.6711037755012512, 0.9997073411941528]","[0.45324400067329407, 0.3231751620769501, -0.6710087656974792, 0.999780535697937]","[0.4417552649974823, 0.3235219419002533, -0.6712287664413452, 0.9996945261955261]","[0.5436345338821411, 0.34482625126838684, -0.3994384706020355, 0.9997459650039673]","[0.4276569187641144, 0.3441004157066345, -0.4043622314929962, 0.9996443390846252]","[0.5122710466384888, 0.3853176534175873, -0.6121410727500916, 0.9998735189437866]","[0.4663955867290497, 0.3848041892051697, -0.6103775501251221, 0.9998558759689331]","[0.6214638948440552, 0.5112945437431335, -0.2589447498321533, 0.9996752738952637]","[0.3609178364276886, 0.5207942724227905, -0.3210468292236328, 0.9997382760047913]","[0.659274697303772, 0.7518037557601929, -0.21523909270763397, 0.8323014378547668]","[0.3701711893081665, 0.7840434908866882, -0.7054051756858826, 0.8020844459533691]","[0.6507012844085693, 0.8941590189933777, -0.3470463454723358, 0.09478408098220825]","[0.4334196448326111, 0.5826305150985718, -1.2445213794708252, 0.6877968907356262]","[0.6929831504821777, 0.9520742893218994, -0.3814554512500763, 0.062483251094818115]","[0.45107799768447876, 0.5229336619377136, -1.3516820669174194, 0.6604131460189819]","[0.673276424407959, 0.9574981927871704, -0.41611388325691223, 0.0830942913889885]","[0.44379517436027527, 0.49989065527915955, -1.3282464742660522, 0.655550479888916]","[0.658650279045105, 0.9351511001586914, -0.36584147810935974, 0.10130912065505981]","[0.43984144926071167, 0.5129284858703613, -1.2450439929962158, 0.6479706764221191]","[0.5940089225769043, 0.8434887528419495, -0.002984575694426894, 0.26134026050567627]","[0.4099551737308502, 0.8506529331207275, 0.004885626491159201, 0.28837916254997253]","[0.5953369736671448, 1.1282988786697388, 0.18521800637245178, 0.002286249538883567]","[0.411975622177124, 1.1381702423095703, 0.18107761442661285, 0.002021967666223645]","[0.5889109373092651, 1.3701919317245483, 0.7134950757026672, 0.0005956199020147324]","[0.4108107089996338, 1.392320990562439, 0.6000145673751831, 0.00029876717599108815]","[0.5900548696517944, 1.4018534421920776, 0.7469448447227478, 0.0009739299421198666]","[0.40625566244125366, 1.4286855459213257, 0.6305742263793945, 0.00034826333285309374]","[0.5783272981643677, 1.4657469987869263, 0.41121020913124084, 0.00047865870874375105]","[0.4295589327812195, 1.4812549352645874, 0.22681331634521484, 0.00036453516804613173]"
"[0.48970383405685425, 0.3482775390148163, -0.7802198529243469, 0.9998764395713806]","[0.5064127445220947, 0.32596349716186523, -0.7374894022941589, 0.9997299909591675]","[0.516451358795166, 0.32689422369003296, -0.7372575998306274, 0.9997993111610413]","[0.5267937183380127, 0.3275536000728607, -0.737135648727417, 0.9997485280036926]","[0.46710205078125, 0.3234245777130127, -0.7400993704795837, 0.9997249841690063]","[0.4532737135887146, 0.32357728481292725, -0.7400193214416504, 0.9997936487197876]","[0.44177353382110596, 0.3240050971508026, -0.7402053475379944, 0.999714732170105]","[0.5437464714050293, 0.3446394205093384, -0.44870707392692566, 0.9997591376304626]","[0.4280857741832733, 0.3446712791919708, -0.45386525988578796, 0.9996656775474548]","[0.5123216509819031, 0.3852981626987457, -0.6739457249641418, 0.9998787641525269]","[0.46648284792900085, 0.384809672832489, -0.6748164892196655, 0.9998620748519897]","[0.621746301651001, 0.5113086700439453, -0.28174519538879395, 0.999680757522583]","[0.3621957004070282, 0.5207252502441406, -0.3577432334423065, 0.9997480511665344]","[0.6583829522132874, 0.7517299056053162, -0.22757366299629211, 0.8364561796188354]","[0.3745582401752472, 0.7834457755088806, -0.7325036525726318, 0.8182023763656616]","[0.6506993770599365, 0.8941448926925659, -0.3641417324542999, 0.10060062259435654]","[0.4350111186504364, 0.5894994735717773, -1.2920562028884888, 0.7168973088264465]","[0.6892359256744385, 0.9493460655212402, -0.3989466726779938, 0.06625648587942123]","[0.45204243063926697, 0.5317332148551941, -1.4007502794265747, 0.6886692047119141]","[0.674199104309082, 0.9568433165550232, -0.4398895800113678, 0.08807886391878128]","[0.44406911730766296, 0.5066160559654236, -1.380872368812561, 0.6835321187973022]","[0.659233808517456, 0.93491131067276, -0.38549280166625977, 0.1068582609295845]","[0.4404451549053192, 0.5208903551101685, -1.2943187952041626, 0.6754475235939026]","[0.5937958359718323, 0.8434924483299255, -0.0031441866885870695, 0.27550554275512695]","[0.41155749559402466, 0.8496891856193542, 0.005047567188739777, 0.3037473261356354]","[0.5950967073440552, 1.1283068656921387, 0.1844201683998108, 0.0023803110234439373]","[0.41219672560691833, 1.1376676559448242, 0.1729593724012375, 0.0021247409749776125]","[0.5889230966567993, 1.3703511953353882, 0.7124897837638855, 0.0005946311866864562]","[0.4109627306461334, 1.392351508140564, 0.5839577913284302, 0.0002999908465426415]","[0.5900832414627075, 1.401886224746704, 0.7465226054191589, 0.0009623583173379302]","[0.40649259090423584, 1.4288305044174194, 0.6124106645584106, 0.0003373893559910357]","[0.5781679749488831, 1.4657104015350342, 0.40063905715942383, 0.00047366294893436134]","[0.42973247170448303, 1.481298565864563, 0.2001245766878128, 0.00035413861041888595]"
"[0.489662230014801, 0.3483850955963135, -0.8165395259857178, 0.9998851418495178]","[0.5064067244529724, 0.32606425881385803, -0.77375328540802, 0.9997507333755493]","[0.5164559483528137, 0.32695114612579346, -0.7735463976860046, 0.9998138546943665]","[0.5268138647079468, 0.32757657766342163, -0.7734910249710083, 0.9997667670249939]","[0.46703457832336426, 0.3241148889064789, -0.7774491906166077, 0.9997464418411255]","[0.4532274007797241, 0.3246440291404724, -0.7773374319076538, 0.9998095631599426]","[0.44175559282302856, 0.3252621591091156, -0.7774938941001892, 0.9997377991676331]","[0.5438330769538879, 0.3444940745830536, -0.47772687673568726, 0.9997769594192505]","[0.4285828769207001, 0.3457011282444, -0.4858618676662445, 0.9996918439865112]","[0.5123268961906433, 0.38521745800971985, -0.7076200842857361, 0.9998873472213745]","[0.4664788544178009, 0.3848097026348114, -0.709958016872406, 0.9998717308044434]","[0.6220237016677856, 0.5113168358802795, -0.2965853214263916, 0.999693751335144]","[0.36296477913856506, 0.5213027596473694, -0.3730347752571106, 0.9997607469558716]","[0.6577684879302979, 0.7514345645904541, -0.22985218465328217, 0.839386522769928]","[0.37884610891342163, 0.783970057964325, -0.7204118967056274, 0.8325089812278748]","[0.6506907343864441, 0.8924681544303894, -0.37734949588775635, 0.10446783155202866]","[0.43455854058265686, 0.6034775376319885, -1.2931116819381714, 0.7412832379341125]","[0.6851024627685547, 0.9434794783592224, -0.4140021502971649, 0.06813175231218338]","[0.45119965076446533, 0.5426238775253296, -1.403543472290039, 0.7095755338668823]","[0.6634385585784912, 0.9515620470046997, -0.4598672091960907, 0.09070584177970886]","[0.4437737464904785, 0.5077663660049438, -1.3892860412597656, 0.7040009498596191]","[0.6615662574768066, 0.9308562278747559, -0.4007764756679535, 0.1094290092587471]","[0.4399358332157135, 0.5320642590522766, -1.2978618144989014, 0.6947335004806519]","[0.5938203930854797, 0.8434963226318359, -0.0038321164902299643, 0.2906852662563324]","[0.4138646125793457, 0.8490371108055115, 0.005695044528692961, 0.3196620047092438]","[0.5947537422180176, 1.1284559965133667, 0.18429075181484222, 0.0025131218135356903]","[0.41263607144355774, 1.1374796628952026, 0.17243272066116333, 0.0022618453949689865]","[0.5888503789901733, 1.3708630800247192, 0.7110349535942078, 0.000595544814132154]","[0.4111899733543396, 1.3926608562469482, 0.584362268447876, 0.0003027829807251692]","[0.5901037454605103, 1.4022819995880127, 0.744481086730957, 0.0009473374811932445]","[0.40679022669792175, 1.4289404153823853, 0.6125276684761047, 0.00033339063520543277]","[0.5771602392196655, 1.4657282829284668, 0.39366936683654785, 0.00046810120693407953]","[0.42986246943473816, 1.4813463687896729, 0.1942153126001358, 0.00034897198202088475]"
"[0.49000346660614014, 0.3478173315525055, -0.9054134488105774, 0.999894917011261]","[0.5067078471183777, 0.3259812593460083, -0.8578056693077087, 0.9997726678848267]","[0.5169485807418823, 0.32679474353790283, -0.8576048612594604, 0.999829888343811]","[0.5275008678436279, 0.32738375663757324, -0.8575140833854675, 0.9997867345809937]","[0.4672555923461914, 0.324149489402771, -0.8657065629959106, 0.9997690320014954]","[0.45335331559181213, 0.32466503977775574, -0.8655933141708374, 0.9998265504837036]","[0.4417906403541565, 0.3253791332244873, -0.8657703995704651, 0.9997614026069641]","[0.5450911521911621, 0.344221830368042, -0.5361060500144958, 0.9997962117195129]","[0.4287472665309906, 0.34637221693992615, -0.562932014465332, 0.9997194409370422]","[0.5126869678497314, 0.38436004519462585, -0.7875068783760071, 0.9998970627784729]","[0.46713337302207947, 0.38414886593818665, -0.7954465746879578, 0.999882698059082]","[0.6226522326469421, 0.5113267302513123, -0.33493277430534363, 0.9997085332870483]","[0.3633860647678375, 0.5222989320755005, -0.434842586517334, 0.999774158000946]","[0.6577639579772949, 0.751014232635498, -0.24847973883152008, 0.8424078822135925]","[0.38174769282341003, 0.784171462059021, -0.7733945250511169, 0.8447862267494202]","[0.6536773443222046, 0.891562283039093, -0.41596323251724243, 0.11183077841997147]","[0.4373115301132202, 0.6309523582458496, -1.366585612297058, 0.7615534663200378]","[0.6850709915161133, 0.9390531778335571, -0.4581264555454254, 0.07152204215526581]","[0.4522651135921478, 0.5652338266372681, -1.4808106422424316, 0.7250236868858337]","[0.6635866165161133, 0.9466021060943604, -0.5065843462944031, 0.09512864798307419]","[0.44352999329566956, 0.5300752520561218, -1.475999355316162, 0.7187556624412537]","[0.6666926741600037, 0.9282410740852356, -0.44091323018074036, 0.11419051885604858]","[0.44021540880203247, 0.5521665215492249, -1.3753695487976074, 0.7085645794868469]","[0.5944612622261047, 0.8446122407913208, -0.004437868017703295, 0.3036699891090393]","[0.41814303398132324, 0.849478542804718, 0.006247621960937977, 0.3334108591079712]","[0.5989914536476135, 1.1295228004455566, 0.19292083382606506, 0.0025477998424321413]","[0.41777312755584717, 1.139589786529541, 0.20953509211540222, 0.0022583669051527977]","[0.5977393388748169, 1.371109127998352, 0.7466722130775452, 0.000612798030488193]","[0.420409619808197, 1.3947978019714355, 0.6829602122306824, 0.0003066761128138751]","[0.6001194715499878, 1.4024064540863037, 0.7805104851722717, 0.0009726540301926434]","[0.4167170226573944, 1.4312211275100708, 0.717031717300415, 0.00033920587156899273]","[0.5858474969863892, 1.4657694101333618, 0.40847739577293396, 0.00047407744568772614]","[0.44191667437553406, 1.4820544719696045, 0.2833077311515808, 0.00035984310670755804]"
"[0.49008801579475403, 0.34706008434295654, -0.9591062664985657, 0.9999030828475952]","[0.5069359540939331, 0.3256213068962097, -0.9142683744430542, 0.9997914433479309]","[0.5174584984779358, 0.32635369896888733, -0.9140136241912842, 0.9998435974121094]","[0.5283219218254089, 0.3269044756889343, -0.9139602780342102, 0.9998037815093994]","[0.46738308668136597, 0.323992520570755, -0.9229592680931091, 0.9997885227203369]","[0.4534306526184082, 0.32460907101631165, -0.9229033589363098, 0.9998412132263184]","[0.44182509183883667, 0.3253864347934723, -0.9230930805206299, 0.9997818470001221]","[0.5464432835578918, 0.34411007165908813, -0.594703733921051, 0.9998127818107605]","[0.42888495326042175, 0.34677889943122864, -0.6267209649085999, 0.9997430443763733]","[0.5128362774848938, 0.38348889350891113, -0.8406411409378052, 0.9999052882194519]","[0.4674701392650604, 0.38340333104133606, -0.8499526381492615, 0.999891996383667]","[0.6228957772254944, 0.5113016963005066, -0.3871406614780426, 0.9997202754020691]","[0.3641738295555115, 0.5223426222801208, -0.48478928208351135, 0.9997851252555847]","[0.6579344272613525, 0.743376612663269, -0.29256704449653625, 0.8456277847290039]","[0.38378432393074036, 0.779699444770813, -0.7877216935157776, 0.853154718875885]","[0.6572900414466858, 0.8839222192764282, -0.4608304500579834, 0.11346100270748138]","[0.4390344023704529, 0.6607150435447693, -1.3508391380310059, 0.772098183631897]","[0.6850122809410095, 0.9281449317932129, -0.5027652978897095, 0.07137338817119598]","[0.45252832770347595, 0.6027258038520813, -1.460913896560669, 0.7254533171653748]","[0.6637195944786072, 0.9342443346977234, -0.5540632009506226, 0.09493454545736313]","[0.4432276785373688, 0.5698382258415222, -1.4607908725738525, 0.7180687785148621]","[0.6619145274162292, 0.91262286901474, -0.4863777160644531, 0.11361940950155258]","[0.44009849429130554, 0.5832512974739075, -1.3610936403274536, 0.7068373560905457]","[0.5961553454399109, 0.8442015647888184, -0.0045388429425656796, 0.3181215822696686]","[0.421963095664978, 0.8492287993431091, 0.0063472529873251915, 0.35026854276657104]","[0.6064299941062927, 1.1284335851669312, 0.2196667194366455, 0.00268118130043149]","[0.42866945266723633, 1.1382700204849243, 0.21183596551418304, 0.0023036666680127382]","[0.609089732170105, 1.3680181503295898, 0.7824552059173584, 0.0006639874773100019]","[0.4318094849586487, 1.392297387123108, 0.6788902878761292, 0.0003288040461484343]","[0.6122643351554871, 1.3990845680236816, 0.8171470761299133, 0.0010553555330261588]","[0.4277784824371338, 1.4288873672485352, 0.7119277715682983, 0.00037068731035105884]","[0.5956457853317261, 1.4620367288589478, 0.4448460638523102, 0.0004950683796778321]","[0.45364469289779663, 1.4775536060333252, 0.2849932610988617, 0.00038601108826696873]"
"[0.49008908867836, 0.34653958678245544, -0.9458727240562439, 0.9999110698699951]","[0.5071588158607483, 0.32525336742401123, -0.9014013409614563, 0.9998093247413635]","[0.5179964303970337, 0.3259849548339844, -0.9011654853820801, 0.9998568296432495]","[0.5290391445159912, 0.3265842795372009, -0.9011098742485046, 0.9998201727867126]","[0.46743565797805786, 0.3236658275127411, -0.9097952246665955, 0.9998070001602173]","[0.45348498225212097, 0.32434967160224915, -0.9096118807792664, 0.999855101108551]","[0.44186732172966003, 0.325188547372818, -0.9097978472709656, 0.9998010396957397]","[0.5476123690605164, 0.3440534770488739, -0.5878342390060425, 0.9998285174369812]","[0.42927050590515137, 0.3467986285686493, -0.6188325881958008, 0.9997655749320984]","[0.5128360986709595, 0.38259056210517883, -0.8298563957214355, 0.9999132752418518]","[0.46741828322410583, 0.38290682435035706, -0.838832437992096, 0.9999011754989624]","[0.6231566071510315, 0.5111977458000183, -0.3836947977542877, 0.9997327327728271]","[0.3645833730697632, 0.5218320488929749, -0.47999924421310425, 0.9997963309288025]","[0.6574379801750183, 0.7411314845085144, -0.2890913784503937, 0.8454465270042419]","[0.3830660879611969, 0.7760651707649231, -0.7673301696777344, 0.8606321215629578]","[0.6574059128761292, 0.8821612000465393, -0.4681782126426697, 0.11560741066932678]","[0.43458256125450134, 0.6911727786064148, -1.3294821977615356, 0.7800306677818298]","[0.6848083138465881, 0.9239294528961182, -0.5138444304466248, 0.07161036878824234]","[0.4474674165248871, 0.6462153196334839, -1.4399105310440063, 0.7240452766418457]","[0.6627097129821777, 0.9299579858779907, -0.5646553039550781, 0.09546859562397003]","[0.43853452801704407, 0.612427830696106, -1.4455101490020752, 0.7165369391441345]","[0.6587448716163635, 0.9070552587509155, -0.4941941797733307, 0.11394947022199631]","[0.43600744009017944, 0.6217632293701172, -1.3421069383621216, 0.704475998878479]","[0.5971217155456543, 0.8436083197593689, -0.004286687821149826, 0.3243538737297058]","[0.4225739538669586, 0.8479313850402832, 0.006085164379328489, 0.35658371448516846]","[0.6097637414932251, 1.1254100799560547, 0.21513381600379944, 0.002668911824002862]","[0.43268370628356934, 1.135206699371338, 0.2204178273677826, 0.002253410406410694]","[0.613676130771637, 1.3626692295074463, 0.7628843784332275, 0.0006626024842262268]","[0.43513455986976624, 1.387082815170288, 0.6892454624176025, 0.0003266521089244634]","[0.6172391176223755, 1.3939173221588135, 0.7963389754295349, 0.0010760481236502528]","[0.43029797077178955, 1.4243834018707275, 0.7228612303733826, 0.0003781821287702769]","[0.5985821485519409, 1.4568578004837036, 0.43492990732192993, 0.0004898592014797032]","[0.4577116370201111, 1.4700242280960083, 0.30114296078681946, 0.0003899629518855363]"
"[0.4906052052974701, 0.34567373991012573, -0.946157693862915, 0.9999148845672607]","[0.5076757669448853, 0.32469937205314636, -0.9006695747375488, 0.999820351600647]","[0.518643319606781, 0.3254533112049103, -0.9004608392715454, 0.9998644590377808]","[0.5296897292137146, 0.32613906264305115, -0.9004836678504944, 0.999829888343811]","[0.46801260113716125, 0.3231607973575592, -0.9102142453193665, 0.9998185634613037]","[0.4540819823741913, 0.3239762783050537, -0.9100834131240845, 0.9998636841773987]","[0.4422781467437744, 0.3249976336956024, -0.9102835059165955, 0.999813437461853]","[0.5484403371810913, 0.3438904285430908, -0.5827419757843018, 0.9998375177383423]","[0.4300106167793274, 0.34681758284568787, -0.6180406808853149, 0.9997795224189758]","[0.5132409334182739, 0.381593257188797, -0.8275922536849976, 0.9999180436134338]","[0.4680308401584625, 0.38222822546958923, -0.8381893634796143, 0.9999067783355713]","[0.623403012752533, 0.5103338360786438, -0.3839251399040222, 0.9997351765632629]","[0.3662939965724945, 0.5194481611251831, -0.4666007161140442, 0.9997996091842651]","[0.6569622755050659, 0.7281988859176636, -0.28291046619415283, 0.8466203212738037]","[0.38236385583877563, 0.7503629922866821, -0.7080473303794861, 0.8653876781463623]","[0.6580846905708313, 0.877503514289856, -0.45390304923057556, 0.1144225150346756]","[0.4269154965877533, 0.7166162729263306, -1.2273192405700684, 0.7616272568702698]","[0.6848688125610352, 0.9190744757652283, -0.4992101192474365, 0.06919477134943008]","[0.4426901638507843, 0.687741756439209, -1.3331036567687988, 0.6901193261146545]","[0.6627717018127441, 0.9244713187217712, -0.5506671071052551, 0.09234888106584549]","[0.4361480474472046, 0.6545656323432922, -1.3611326217651367, 0.6834160685539246]","[0.6574903726577759, 0.9010550379753113, -0.47955867648124695, 0.11002107709646225]","[0.4278865456581116, 0.6624768972396851, -1.2473194599151611, 0.6710312962532043]","[0.6008403301239014, 0.8402559757232666, -0.006231476087123156, 0.33911457657814026]","[0.42522889375686646, 0.8431946039199829, 0.007896293886005878, 0.3722873330116272]","[0.6150853037834167, 1.1197619438171387, 0.2315809279680252, 0.0027053894009441137]","[0.43872618675231934, 1.1286845207214355, 0.24363966286182404, 0.0022395364940166473]","[0.6207810044288635, 1.3564568758010864, 0.8017948269844055, 0.0006750778411515057]","[0.44011393189430237, 1.3823002576828003, 0.7297888398170471, 0.0003457660204730928]","[0.6248180270195007, 1.388345718383789, 0.8383963108062744, 0.0011213244870305061]","[0.4354003071784973, 1.421016812324524, 0.764988124370575, 0.0004253491060808301]","[0.6032227873802185, 1.451659083366394, 0.46492066979408264, 0.0005001380341127515]","[0.4631561040878296, 1.464950680732727, 0.338791161775589, 0.00042850535828620195]"
"[0.4906306564807892, 0.344988077878952, -0.9899972677230835, 0.9999181628227234]","[0.5077406167984009, 0.3241944909095764, -0.9457782506942749, 0.9998295903205872]","[0.5186983346939087, 0.325011283159256, -0.9455117583274841, 0.9998709559440613]","[0.5297459959983826, 0.32576605677604675, -0.9455001950263977, 0.9998382329940796]","[0.4681828022003174, 0.3225981295108795, -0.9563682079315186, 0.9998283386230469]","[0.4542788565158844, 0.3234630227088928, -0.9563944339752197, 0.9998709559440613]","[0.44242769479751587, 0.32458633184432983, -0.9565899968147278, 0.9998233914375305]","[0.5485307574272156, 0.34383076429367065, -0.6297836303710938, 0.9998448491096497]","[0.43031173944473267, 0.34665387868881226, -0.6729400753974915, 0.9997895359992981]","[0.5132551789283752, 0.38088613748550415, -0.8716632723808289, 0.9999215602874756]","[0.46804553270339966, 0.3814007639884949, -0.8844566941261292, 0.9999104738235474]","[0.6233754754066467, 0.50812166929245, -0.42447710037231445, 0.9997319579124451]","[0.3675239086151123, 0.515401303768158, -0.5051465630531311, 0.9997944831848145]","[0.6572774052619934, 0.7227271795272827, -0.29491299390792847, 0.8467260599136353]","[0.38397297263145447, 0.7344337105751038, -0.686561107635498, 0.8619932532310486]","[0.665734589099884, 0.8774254322052002, -0.4415566027164459, 0.113271564245224]","[0.42641544342041016, 0.7073875665664673, -1.137972116470337, 0.7250723838806152]","[0.6887841820716858, 0.9187767505645752, -0.48219937086105347, 0.06721636652946472]","[0.4425267279148102, 0.7042134404182434, -1.23219633102417, 0.6447026133537292]","[0.6649554371833801, 0.924524188041687, -0.535093367099762, 0.08973979949951172]","[0.43951311707496643, 0.6762790679931641, -1.2560807466506958, 0.6391248106956482]","[0.658751368522644, 0.9013931155204773, -0.4668715298175812, 0.10686259716749191]","[0.42801597714424133, 0.6802641153335571, -1.155993103981018, 0.6280370950698853]","[0.6029881238937378, 0.8335678577423096, -0.006039746105670929, 0.35938289761543274]","[0.42979493737220764, 0.8388647437095642, 0.00761000718921423, 0.39546385407447815]","[0.6278635263442993, 1.109260082244873, 0.25312769412994385, 0.0027013744693249464]","[0.4566410779953003, 1.1212300062179565, 0.2347041666507721, 0.0021866627503186464]","[0.6315169930458069, 1.346638798713684, 0.8362083435058594, 0.0006778136594220996]","[0.45373091101646423, 1.3758292198181152, 0.7117963433265686, 0.00035611720522865653]","[0.6354552507400513, 1.3788259029388428, 0.8753407001495361, 0.0011621741577982903]","[0.44904831051826477, 1.4162299633026123, 0.7463173866271973, 0.00046179431956261396]","[0.6129440665245056, 1.4437165260314941, 0.5138067007064819, 0.0005025516147725284]","[0.4739258289337158, 1.4567865133285522, 0.3272276520729065, 0.00045550434151664376]"
"[0.49123746156692505, 0.3441181778907776, -0.9491187930107117, 0.9999180436134338]","[0.5082530975341797, 0.3237941563129425, -0.903903603553772, 0.9998343586921692]","[0.519291341304779, 0.32457295060157776, -0.9036970734596252, 0.9998738169670105]","[0.5301830768585205, 0.32534337043762207, -0.9036989212036133, 0.99984210729599]","[0.46885043382644653, 0.3221750557422638, -0.9145804643630981, 0.9998334646224976]","[0.4549901783466339, 0.32306304574012756, -0.914566695690155, 0.9998747706413269]","[0.44297030568122864, 0.32428035140037537, -0.9147943258285522, 0.9998291730880737]","[0.5487046837806702, 0.3435911238193512, -0.592451810836792, 0.9998477101325989]","[0.4309934079647064, 0.3465076684951782, -0.633376955986023, 0.9997963905334473]","[0.5137631893157959, 0.37977394461631775, -0.8331295847892761, 0.9999233484268188]","[0.46857109665870667, 0.3803568184375763, -0.8452165126800537, 0.9999129772186279]","[0.6235851645469666, 0.5075730681419373, -0.39711612462997437, 0.9997221231460571]","[0.3686114251613617, 0.5149590969085693, -0.4847908318042755, 0.9997869729995728]","[0.6572133302688599, 0.7217382788658142, -0.28887686133384705, 0.8462223410606384]","[0.3837904930114746, 0.7282723188400269, -0.6327690482139587, 0.8594027757644653]","[0.6678416728973389, 0.8761507868766785, -0.4724224805831909, 0.11147108674049377]","[0.4264412224292755, 0.7374635338783264, -1.059976577758789, 0.6855785846710205]","[0.6885891556739807, 0.9173930287361145, -0.5246000289916992, 0.06510787457227707]","[0.4426245391368866, 0.7403165698051453, -1.1547731161117554, 0.5998393893241882]","[0.6654727458953857, 0.9229395985603333, -0.5801227688789368, 0.08694195747375488]","[0.44131067395210266, 0.7082847356796265, -1.1843175888061523, 0.5958107113838196]","[0.6585619449615479, 0.9001182317733765, -0.500316321849823, 0.10339059680700302]","[0.4370335340499878, 0.7046491503715515, -1.0798916816711426, 0.5857990384101868]","[0.602833092212677, 0.8333679437637329, -0.005785578861832619, 0.38132163882255554]","[0.42951297760009766, 0.8385787010192871, 0.007269128691405058, 0.41838887333869934]","[0.6245817542076111, 1.1078428030014038, 0.25296545028686523, 0.0028903274796903133]","[0.4530622661113739, 1.1184663772583008, 0.24016420543193817, 0.0022102862130850554]","[0.6275081038475037, 1.3447712659835815, 0.8214412331581116, 0.0007712708320468664]","[0.4512348473072052, 1.37263023853302, 0.7197338938713074, 0.0004048414994031191]","[0.6312452554702759, 1.3769009113311768, 0.8592697978019714, 0.001371846068650484]","[0.4471099376678467, 1.41314697265625, 0.7546704411506653, 0.0005804488901048899]","[0.6095017194747925, 1.4407539367675781, 0.5012962818145752, 0.0005508930189535022]","[0.4706318974494934, 1.4529123306274414, 0.34164395928382874, 0.0005263717612251639]"
"[0.49215245246887207, 0.34295982122421265, -0.9655832052230835, 0.9999156594276428]","[0.5087845921516418, 0.32331669330596924, -0.922380268573761, 0.9998348951339722]","[0.5197718143463135, 0.32409125566482544, -0.9221484661102295, 0.9998738169670105]","[0.530580997467041, 0.3248726725578308, -0.9222548007965088, 0.999843180179596]","[0.4696207642555237, 0.3216215670108795, -0.9369458556175232, 0.9998345375061035]","[0.45585349202156067, 0.3225387930870056, -0.9369270205497742, 0.9998753666877747]","[0.443636029958725, 0.32390880584716797, -0.9371268153190613, 0.9998309016227722]","[0.5487038493156433, 0.34326863288879395, -0.6179999113082886, 0.999847948551178]","[0.4314896762371063, 0.34619981050491333, -0.6766722202301025, 0.9997971057891846]","[0.5144414901733398, 0.37859123945236206, -0.8510128855705261, 0.9999231696128845]","[0.46927836537361145, 0.37907519936561584, -0.8681721687316895, 0.9999129176139832]","[0.6236053109169006, 0.5068946480751038, -0.419811874628067, 0.9997009038925171]","[0.3685653507709503, 0.514755129814148, -0.5112858414649963, 0.9997748136520386]","[0.6572126746177673, 0.7212742567062378, -0.284358948469162, 0.840998649597168]","[0.38346928358078003, 0.7283303141593933, -0.574887216091156, 0.8496106863021851]","[0.669463574886322, 0.8756915330886841, -0.4269794523715973, 0.10421031713485718]","[0.43074268102645874, 0.7407479882240295, -0.8762850165367126, 0.6294286251068115]","[0.6902807950973511, 0.9170729517936707, -0.4679943323135376, 0.060462772846221924]","[0.4507022798061371, 0.7553895115852356, -0.9490059018135071, 0.5469954013824463]","[0.6660574674606323, 0.9228955507278442, -0.5292171239852905, 0.08079655468463898]","[0.443477988243103, 0.7261119484901428, -0.9763053059577942, 0.5437102913856506]","[0.6588640809059143, 0.9001944661140442, -0.4550369679927826, 0.09611176699399948]","[0.44066768884658813, 0.7250877618789673, -0.8918177485466003, 0.5347856283187866]","[0.6026955246925354, 0.8336322903633118, -0.0057560354471206665, 0.38232478499412537]","[0.42896878719329834, 0.8387755155563354, 0.007213879842311144, 0.4222530722618103]","[0.6230567097663879, 1.1074256896972656, 0.2507227063179016, 0.0028692360501736403]","[0.45059192180633545, 1.1179847717285156, 0.23807989060878754, 0.0021708945278078318]","[0.6248507499694824, 1.3436188697814941, 0.817521333694458, 0.000798260560259223]","[0.4482402503490448, 1.3713936805725098, 0.7026267647743225, 0.00043456724961288273]","[0.6283130645751953, 1.3757004737854004, 0.8532772660255432, 0.0014432407915592194]","[0.44412046670913696, 1.4121586084365845, 0.7333534359931946, 0.0006489211227744818]","[0.6074857711791992, 1.4392499923706055, 0.4905359447002411, 0.0005852863541804254]","[0.46820148825645447, 1.451983094215393, 0.34061676263809204, 0.0005952416104264557]"
"[0.49257269501686096, 0.34299206733703613, -0.9579287171363831, 0.9999136924743652]","[0.5089783668518066, 0.32335707545280457, -0.91583651304245, 0.9998344779014587]","[0.5198163390159607, 0.32412096858024597, -0.9155843257904053, 0.9998733401298523]","[0.5306174755096436, 0.3249058723449707, -0.9156906008720398, 0.999843180179596]","[0.47021791338920593, 0.3217167854309082, -0.9307615160942078, 0.9998352527618408]","[0.456546425819397, 0.32266464829444885, -0.9307469129562378, 0.9998762011528015]","[0.4441927671432495, 0.32402101159095764, -0.930959165096283, 0.9998325705528259]","[0.5484341382980347, 0.34337180852890015, -0.6166356801986694, 0.999847412109375]","[0.43183988332748413, 0.34620407223701477, -0.6780055165290833, 0.9997988939285278]","[0.514635443687439, 0.378458708524704, -0.8449798822402954, 0.9999235272407532]","[0.46948352456092834, 0.3788289427757263, -0.8628668785095215, 0.9999138116836548]","[0.6235572099685669, 0.5069032907485962, -0.42192065715789795, 0.9996902346611023]","[0.36814701557159424, 0.5148000717163086, -0.518226683139801, 0.9997740387916565]","[0.6573814153671265, 0.7201195955276489, -0.2822406589984894, 0.8382797241210938]","[0.382284015417099, 0.7277681231498718, -0.586097776889801, 0.8437133431434631]","[0.6692304015159607, 0.8746135830879211, -0.4111993610858917, 0.09832899272441864]","[0.42686623334884644, 0.7395600080490112, -0.9070271253585815, 0.5867165923118591]","[0.6896662712097168, 0.9168946146965027, -0.45015332102775574, 0.05659646913409233]","[0.44511720538139343, 0.753882646560669, -0.9833307862281799, 0.5038998126983643]","[0.6660739779472351, 0.9229782819747925, -0.5094212293624878, 0.0756826251745224]","[0.4394320547580719, 0.7249662280082703, -1.0108020305633545, 0.5014112591743469]","[0.6581079363822937, 0.9002187252044678, -0.43832990527153015, 0.09005087614059448]","[0.4402554929256439, 0.7197030186653137, -0.9233969449996948, 0.49340587854385376]","[0.6026625633239746, 0.8338932394981384, -0.004393833689391613, 0.3846932053565979]","[0.4286975860595703, 0.839011013507843, 0.005726690404117107, 0.428522527217865]","[0.6218539476394653, 1.1065784692764282, 0.24633635580539703, 0.0028804403264075518]","[0.4484535753726959, 1.11805260181427, 0.23182077705860138, 0.0021345734130591154]","[0.6232470273971558, 1.3432135581970215, 0.8063201308250427, 0.0008290740079246461]","[0.4466049075126648, 1.3710063695907593, 0.6907477378845215, 0.0004565630806609988]","[0.62672358751297, 1.375571846961975, 0.8427937626838684, 0.0015291966265067458]","[0.4423830211162567, 1.4117987155914307, 0.7205549478530884, 0.0006900134612806141]","[0.6061623096466064, 1.4384970664978027, 0.49144718050956726, 0.0006208685226738453]","[0.46685710549354553, 1.4511384963989258, 0.3316103518009186, 0.0006434843526221812]"
"[0.49265170097351074, 0.34301528334617615, -0.9489263892173767, 0.9999136328697205]","[0.509019136428833, 0.3233955204486847, -0.9106752276420593, 0.9998366236686707]","[0.5198193192481995, 0.3241497278213501, -0.9103606343269348, 0.9998745918273926]","[0.5306092500686646, 0.324934720993042, -0.9103960394859314, 0.9998447895050049]","[0.47042664885520935, 0.3218514621257782, -0.916589617729187, 0.9998381733894348]","[0.4568149149417877, 0.3228375315666199, -0.9165348410606384, 0.9998787641525269]","[0.4444345235824585, 0.3241601288318634, -0.9166941046714783, 0.9998363852500916]","[0.5479779243469238, 0.3434053957462311, -0.6033062934875488, 0.9998480677604675]","[0.43201538920402527, 0.34620803594589233, -0.6485611200332642, 0.9998050332069397]","[0.5146544575691223, 0.3784116506576538, -0.8402440547943115, 0.9999248385429382]","[0.4695225954055786, 0.37874820828437805, -0.8472225666046143, 0.9999161958694458]","[0.623404324054718, 0.5069276094436646, -0.40412285923957825, 0.9996896386146545]","[0.36793091893196106, 0.5148762464523315, -0.49899688363075256, 0.9997765421867371]","[0.6573812365531921, 0.719946026802063, -0.27121829986572266, 0.8360215425491333]","[0.3802805542945862, 0.725191593170166, -0.5761886239051819, 0.840086042881012]","[0.6688166260719299, 0.8734302520751953, -0.4294184148311615, 0.09472827613353729]","[0.41896623373031616, 0.7380930781364441, -0.937286913394928, 0.5531548261642456]","[0.6889505982398987, 0.916503369808197, -0.47775599360466003, 0.05415061488747597]","[0.4303743541240692, 0.7581958770751953, -1.022398829460144, 0.46887457370758057]","[0.6660722494125366, 0.9224890470504761, -0.5363425016403198, 0.07256513833999634]","[0.4329555332660675, 0.7265868186950684, -1.0538383722305298, 0.4678496718406677]","[0.6573663353919983, 0.8995118141174316, -0.45857688784599304, 0.086224265396595]","[0.43471819162368774, 0.7199305891990662, -0.9563592076301575, 0.46054694056510925]","[0.6025453209877014, 0.8339364528656006, -0.002960913348942995, 0.38492926955223083]","[0.428570419549942, 0.8390892148017883, 0.004232436418533325, 0.43043673038482666]","[0.6210700273513794, 1.10679030418396, 0.24718134105205536, 0.0028654756024479866]","[0.44723016023635864, 1.1178698539733887, 0.22509172558784485, 0.002063908614218235]","[0.6231886148452759, 1.3432013988494873, 0.8028494715690613, 0.0008562183356843889]","[0.44649738073349, 1.3704241514205933, 0.677427351474762, 0.00046614083112217486]","[0.6266785264015198, 1.37572181224823, 0.8394008278846741, 0.0016119221691042185]","[0.4429919421672821, 1.4110968112945557, 0.7072349190711975, 0.0007184413843788207]","[0.605801522731781, 1.437515377998352, 0.4886308014392853, 0.0006477539427578449]","[0.4660930633544922, 1.4498666524887085, 0.3176969885826111, 0.0006709248409606516]"
"[0.49265238642692566, 0.34303784370422363, -0.9415414333343506, 0.9999126195907593]","[0.5090264081954956, 0.3233989477157593, -0.8946424722671509, 0.9998375177383423]","[0.5198113322257996, 0.32415124773979187, -0.8944768309593201, 0.9998745322227478]","[0.5305888056755066, 0.32493487000465393, -0.8945332765579224, 0.9998449683189392]","[0.47045251727104187, 0.321875661611557, -0.9084329009056091, 0.9998390078544617]","[0.45683586597442627, 0.3228839933872223, -0.9084372520446777, 0.9998792409896851]","[0.44445478916168213, 0.32420608401298523, -0.9086981415748596, 0.9998377561569214]","[0.547739565372467, 0.3434031307697296, -0.5733084678649902, 0.9998478889465332]","[0.43203607201576233, 0.34620895981788635, -0.6431008577346802, 0.9998084306716919]","[0.5146570801734924, 0.3783480226993561, -0.8252169489860535, 0.9999255537986755]","[0.46952277421951294, 0.3786858320236206, -0.841698944568634, 0.9999175071716309]","[0.6233953237533569, 0.5069485902786255, -0.3777647912502289, 0.9996871948242188]","[0.36780858039855957, 0.5149894952774048, -0.48694393038749695, 0.9997731447219849]","[0.6572402119636536, 0.7201554179191589, -0.2660325765609741, 0.8347917199134827]","[0.379172682762146, 0.7224985361099243, -0.5430023074150085, 0.8363780379295349]","[0.6684726476669312, 0.8734580874443054, -0.46258553862571716, 0.09304829686880112]","[0.4159007668495178, 0.7485878467559814, -0.9066111445426941, 0.5228721499443054]","[0.6882005929946899, 0.9166954755783081, -0.5213620662689209, 0.0529305525124073]","[0.42853978276252747, 0.7612192630767822, -0.9960554838180542, 0.43785038590431213]","[0.6639652252197266, 0.9227778315544128, -0.5802375078201294, 0.07107184827327728]","[0.4321257770061493, 0.7324171662330627, -1.033204197883606, 0.4383707046508789]","[0.6562690138816833, 0.8996652960777283, -0.49344682693481445, 0.08425849676132202]","[0.43356746435165405, 0.7232012748718262, -0.9284446239471436, 0.43162795901298523]","[0.6025013327598572, 0.8347165584564209, -0.002989368047565222, 0.38777798414230347]","[0.42832958698272705, 0.839148998260498, 0.004267364274710417, 0.4336988627910614]","[0.620486855506897, 1.1072238683700562, 0.24315619468688965, 0.0028475949075073004]","[0.44650864601135254, 1.1180721521377563, 0.22161893546581268, 0.002011689590290189]","[0.6238203644752502, 1.342843770980835, 0.8136526346206665, 0.0008719059987924993]","[0.44811952114105225, 1.3700412511825562, 0.6773921847343445, 0.00047822785563766956]","[0.6273513436317444, 1.375206470489502, 0.8524090647697449, 0.001661192742176354]","[0.4460141062736511, 1.4106084108352661, 0.7083618640899658, 0.000751473184209317]","[0.6065639853477478, 1.4366123676300049, 0.49853000044822693, 0.0006671168957836926]","[0.46598565578460693, 1.4491310119628906, 0.3105204999446869, 0.0007011794368736446]"
"[0.4925539195537567, 0.34305688738822937, -0.9337838292121887, 0.999912440776825]","[0.5089695453643799, 0.32340162992477417, -0.8852629065513611, 0.999839186668396]","[0.5196955800056458, 0.3241526186466217, -0.8851221799850464, 0.9998756647109985]","[0.5304139256477356, 0.3249342739582062, -0.8852252960205078, 0.9998461008071899]","[0.4704151749610901, 0.3219142556190491, -0.9032474160194397, 0.9998413920402527]","[0.4567846357822418, 0.3229399025440216, -0.9033355116844177, 0.9998815059661865]","[0.44443878531455994, 0.3242442309856415, -0.9036418199539185, 0.9998408555984497]","[0.5472502112388611, 0.3434028625488281, -0.5657926201820374, 0.9998486638069153]","[0.431996613740921, 0.346212238073349, -0.635108470916748, 0.999813973903656]","[0.5146167874336243, 0.3783044219017029, -0.8161723613739014, 0.9999268054962158]","[0.4694504141807556, 0.37860941886901855, -0.8386192321777344, 0.9999196529388428]","[0.6232472062110901, 0.5069830417633057, -0.36975228786468506, 0.9996857643127441]","[0.367588609457016, 0.515049934387207, -0.4856419861316681, 0.9997757077217102]","[0.6572414040565491, 0.7188035845756531, -0.25455552339553833, 0.8352311849594116]","[0.37840336561203003, 0.7215602993965149, -0.5444349050521851, 0.834812343120575]","[0.6682295203208923, 0.8721112608909607, -0.4530665874481201, 0.09093759208917618]","[0.41461536288261414, 0.7529644966125488, -0.9093329906463623, 0.4968055188655853]","[0.6876026391983032, 0.9155756235122681, -0.5048356652259827, 0.05137902870774269]","[0.42722874879837036, 0.767728328704834, -0.9969996213912964, 0.4102974236011505]","[0.6630303263664246, 0.9214894771575928, -0.5610314607620239, 0.06907057762145996]","[0.43210721015930176, 0.737036406993866, -1.0334724187850952, 0.41202008724212646]","[0.655682384967804, 0.8982675075531006, -0.48155948519706726, 0.08172325044870377]","[0.43338704109191895, 0.7282476425170898, -0.9305639863014221, 0.4058500826358795]","[0.6024733781814575, 0.8349566459655762, -0.0023739859461784363, 0.3969777524471283]","[0.4282546043395996, 0.8392812609672546, 0.003598140086978674, 0.44476035237312317]","[0.6202377676963806, 1.1067878007888794, 0.24794836342334747, 0.002933186013251543]","[0.4460270404815674, 1.1181293725967407, 0.21984268724918365, 0.0020094693172723055]","[0.6245607733726501, 1.3424690961837769, 0.8097095489501953, 0.0009343335987068713]","[0.4490618407726288, 1.3701871633529663, 0.6699853539466858, 0.000515056075528264]","[0.6279991269111633, 1.3749198913574219, 0.8476889729499817, 0.001826173742301762]","[0.447414368391037, 1.410679578781128, 0.7004845142364502, 0.0008218174916692078]","[0.6074013113975525, 1.436047911643982, 0.4990045130252838, 0.0007174919592216611]","[0.4668498635292053, 1.4493467807769775, 0.30744054913520813, 0.0007470568525604904]"
"[0.4918595850467682, 0.3433067500591278, -0.9370964169502258, 0.9999127984046936]","[0.5085455179214478, 0.3234592080116272, -0.890417754650116, 0.9998416900634766]","[0.5192142128944397, 0.32421422004699707, -0.8902517557144165, 0.9998770952224731]","[0.5297884345054626, 0.32497942447662354, -0.8903205990791321, 0.9998478889465332]","[0.46995747089385986, 0.3221852779388428, -0.9059021472930908, 0.9998446106910706]","[0.4563063383102417, 0.323239803314209, -0.9059402346611023, 0.9998841285705566]","[0.44422203302383423, 0.3245096206665039, -0.9062164425849915, 0.9998448491096497]","[0.5464329123497009, 0.3434472382068634, -0.5752434134483337, 0.9998496770858765]","[0.4318426251411438, 0.3464006185531616, -0.637022852897644, 0.9998196959495544]","[0.5142385959625244, 0.3783184289932251, -0.8201808333396912, 0.9999282956123352]","[0.4688561260700226, 0.3786337971687317, -0.8388749361038208, 0.9999219179153442]","[0.6232025027275085, 0.5071563124656677, -0.3748132288455963, 0.9996840357780457]","[0.3675631880760193, 0.515145480632782, -0.48695236444473267, 0.9997795224189758]","[0.6571865081787109, 0.7190947532653809, -0.25486937165260315, 0.8360530138015747]","[0.37762483954429626, 0.723124086856842, -0.5631296634674072, 0.8350674510002136]","[0.6680040955543518, 0.8722010254859924, -0.45172321796417236, 0.09006956219673157]","[0.4144817888736725, 0.7497130632400513, -0.9411285519599915, 0.47597169876098633]","[0.6873037219047546, 0.9156951308250427, -0.5046262145042419, 0.05038326606154442]","[0.4269460439682007, 0.7688024640083313, -1.0314112901687622, 0.3868558704853058]","[0.6623110175132751, 0.9216067790985107, -0.5622018575668335, 0.0677613615989685]","[0.4319356679916382, 0.7377120852470398, -1.0672035217285156, 0.38973066210746765]","[0.6552066206932068, 0.8982987999916077, -0.48062223196029663, 0.08008553087711334]","[0.4332120716571808, 0.729584276676178, -0.9624173641204834, 0.3840491771697998]","[0.6024194359779358, 0.8350510001182556, -0.002314386423677206, 0.4087919294834137]","[0.42813968658447266, 0.8394322395324707, 0.0035225895699113607, 0.4587109088897705]","[0.6197242736816406, 1.1068377494812012, 0.25982019305229187, 0.002982751466333866]","[0.4456245005130768, 1.1179850101470947, 0.22581803798675537, 0.001996990293264389]","[0.6240772604942322, 1.342124581336975, 0.8295107483863831, 0.0009973925771191716]","[0.4483988881111145, 1.3700109720230103, 0.6912865042686462, 0.000546082213986665]","[0.627443790435791, 1.374295711517334, 0.8686652183532715, 0.001986132934689522]","[0.44654908776283264, 1.4102774858474731, 0.7244383096694946, 0.0008944711298681796]","[0.607208788394928, 1.435878038406372, 0.5197953581809998, 0.0007630999898537993]","[0.46636688709259033, 1.4493353366851807, 0.32305771112442017, 0.0008006371790543199]"
"[0.49189984798431396, 0.34321537613868713, -0.9336696267127991, 0.9999115467071533]","[0.5085739493370056, 0.3234076499938965, -0.8874099850654602, 0.9998411536216736]","[0.5192217826843262, 0.3241542875766754, -0.8872363567352295, 0.9998757243156433]","[0.5298033952713013, 0.3249153792858124, -0.8872941136360168, 0.9998469352722168]","[0.4699944853782654, 0.3221721351146698, -0.902185320854187, 0.9998441338539124]","[0.4563377797603607, 0.32323503494262695, -0.9021995663642883, 0.9998834729194641]","[0.4442393183708191, 0.3245019316673279, -0.9024635553359985, 0.9998452067375183]","[0.546419084072113, 0.34337541460990906, -0.5741987824440002, 0.9998472929000854]","[0.4318608045578003, 0.3462865650653839, -0.6335365772247314, 0.9998207688331604]","[0.5142577290534973, 0.3781239092350006, -0.8173243999481201, 0.9999284148216248]","[0.4688796103000641, 0.378456175327301, -0.8348532915115356, 0.9999228119850159]","[0.623205840587616, 0.5071231126785278, -0.37496888637542725, 0.9996752142906189]","[0.3674424886703491, 0.5152060389518738, -0.48427900671958923, 0.999774694442749]","[0.6571006178855896, 0.7194456458091736, -0.2617128789424896, 0.8331136107444763]","[0.37750086188316345, 0.7239369750022888, -0.5315415859222412, 0.8320745229721069]","[0.6680964827537537, 0.8723366260528564, -0.4807699918746948, 0.08876601606607437]","[0.41437575221061707, 0.7578145265579224, -0.8651375770568848, 0.4522235691547394]","[0.6872391104698181, 0.9159306883811951, -0.5432367920875549, 0.04957461729645729]","[0.4276752173900604, 0.7708671689033508, -0.9531781673431396, 0.363288551568985]","[0.6630425453186035, 0.9218626022338867, -0.6023703217506409, 0.06674370914697647]","[0.4319838881492615, 0.7404530644416809, -0.9946206212043762, 0.3674250841140747]","[0.655181348323822, 0.8985505104064941, -0.5119729042053223, 0.07880856096744537]","[0.4332093894481659, 0.7324339747428894, -0.887857973575592, 0.36216267943382263]","[0.6023548245429993, 0.8352594375610352, -0.0023855287581682205, 0.4098948836326599]","[0.42809030413627625, 0.8395332098007202, 0.003591119544580579, 0.4604272246360779]","[0.6194959878921509, 1.1069427728652954, 0.25700175762176514, 0.0029796555172652006]","[0.4453680217266083, 1.118181824684143, 0.22468525171279907, 0.0019638545345515013]","[0.6238914132118225, 1.3424593210220337, 0.8432395458221436, 0.0010330789955332875]","[0.44816145300865173, 1.3702552318572998, 0.6951398253440857, 0.0005590081564150751]","[0.6273529529571533, 1.3745733499526978, 0.8842119574546814, 0.002073304494842887]","[0.44629985094070435, 1.4104942083358765, 0.7294045090675354, 0.0009299464873038232]","[0.6068226099014282, 1.4362684488296509, 0.5341804027557373, 0.0007928553968667984]","[0.4661400616168976, 1.4498353004455566, 0.32400238513946533, 0.0008426679414696991]"
