"[0.4649597108364105, 0.36564186215400696, -0.46114566922187805, 0.9995262622833252]","[0.4765862822532654, 0.34862369298934937, -0.4339786171913147, 0.9992737174034119]","[0.48209574818611145, 0.3489915430545807, -0.4340336322784424, 0.9993340373039246]","[0.48816654086112976, 0.34906265139579773, -0.4342885911464691, 0.9994334578514099]","[0.4522256553173065, 0.3480561375617981, -0.4416680932044983, 0.9989712238311768]","[0.44215431809425354, 0.3485136032104492, -0.4415733516216278, 0.9988454580307007]","[0.43357184529304504, 0.3488773703575134, -0.44170477986335754, 0.9986686706542969]","[0.500175416469574, 0.35874924063682556, -0.22556447982788086, 0.9993903636932373]","[0.42308348417282104, 0.3580511808395386, -0.25913235545158386, 0.9987322688102722]","[0.47978484630584717, 0.3873313069343567, -0.38229095935821533, 0.999524712562561]","[0.4487646222114563, 0.3878202438354492, -0.3915441632270813, 0.999277651309967]","[0.5527868866920471, 0.4846385419368744, -0.14489786326885223, 0.9997966885566711]","[0.351539671421051, 0.466673880815506, -0.14672593772411346, 0.9995377063751221]","[0.5712709426879883, 0.6478531956672668, -0.09292818605899811, 0.9238802194595337]","[0.19553028047084808, 0.4945797622203827, -0.10305549204349518, 0.9953658580780029]","[0.5520833730697632, 0.7979860901832581, -0.26156821846961975, 0.5783608555793762]","[0.049773722887039185, 0.3886261284351349, -0.21592359244823456, 0.9642605781555176]","[0.5591872334480286, 0.8468528389930725, -0.29548192024230957, 0.40535587072372437]","[0.006931722164154053, 0.368020236492157, -0.24802783131599426, 0.8677818179130554]","[0.5476279854774475, 0.8459793329238892, -0.3490182161331177, 0.4775351583957672]","[0.005663156509399414, 0.35694748163223267, -0.310996413230896, 0.8928008675575256]","[0.5428442358970642, 0.8277283906936646, -0.29136455059051514, 0.5354449152946472]","[0.01965463161468506, 0.36400339007377625, -0.2529676854610443, 0.9273003339767456]","[0.506576657295227, 0.8054454922676086, 0.009261976927518845, 0.763522207736969]","[0.36757075786590576, 0.8005942702293396, -0.008483230136334896, 0.7969585061073303]","[0.5103625059127808, 1.0265527963638306, 0.08279356360435486, 0.014220206998288631]","[0.3730747699737549, 1.0277783870697021, 0.05602928251028061, 0.012002108618617058]","[0.518933117389679, 1.2630587816238403, 0.39902448654174805, 0.0009390702471137047]","[0.3644194006919861, 1.2670856714248657, 0.23695139586925507, 0.0009436071268282831]","[0.4991453289985657, 1.2775142192840576, 0.421946257352829, 0.001863401848822832]","[0.3627620339393616, 1.3008745908737183, 0.24513240158557892, 0.0009035126422531903]","[0.48550474643707275, 1.3237695693969727, 0.18658995628356934, 0.0005144171882420778]","[0.359486848115921, 1.3266701698303223, -0.053878046572208405, 0.0005088248872198164]"
"[0.464899480342865, 0.3651195466518402, -0.48083794116973877, 0.9995407462120056]","[0.47656944394111633, 0.3472858667373657, -0.45382294058799744, 0.999294638633728]","[0.4821997880935669, 0.34765198826789856, -0.45386505126953125, 0.9993566274642944]","[0.4881881773471832, 0.34803128242492676, -0.45409926772117615, 0.9994521737098694]","[0.4521408677101135, 0.3464207351207733, -0.4606477916240692, 0.9989926218986511]","[0.4421516954898834, 0.34676241874694824, -0.4605310559272766, 0.9988716244697571]","[0.43372485041618347, 0.34749850630760193, -0.4606585204601288, 0.9986927509307861]","[0.5001670122146606, 0.3585524559020996, -0.24413737654685974, 0.9994105100631714]","[0.4230482280254364, 0.35788580775260925, -0.27466249465942383, 0.9987549781799316]","[0.479775607585907, 0.38694116473197937, -0.40191569924354553, 0.9995449185371399]","[0.44865262508392334, 0.38705548644065857, -0.41025635600090027, 0.9993033409118652]","[0.5527477264404297, 0.4846470057964325, -0.16414417326450348, 0.9998046159744263]","[0.35152775049209595, 0.4671548902988434, -0.1540214568376541, 0.9995402097702026]","[0.5712702870368958, 0.6480531692504883, -0.11820406466722488, 0.9263544082641602]","[0.19595292210578918, 0.49783700704574585, -0.10378529876470566, 0.9952326416969299]","[0.5519075393676758, 0.7996634244918823, -0.30628111958503723, 0.5850408673286438]","[0.04830382019281387, 0.3968800902366638, -0.22965115308761597, 0.9629970788955688]","[0.559052586555481, 0.8502705097198486, -0.3463420569896698, 0.4108659029006958]","[0.006619957275688648, 0.3817983567714691, -0.26459088921546936, 0.8647130131721497]","[0.5475908517837524, 0.8504512310028076, -0.40182384848594666, 0.48311278223991394]","[0.0050279321148991585, 0.37212517857551575, -0.3311736583709717, 0.8903813362121582]","[0.5427827835083008, 0.8297370076179504, -0.33698275685310364, 0.5405845642089844]","[0.019066525623202324, 0.37818682193756104, -0.2682510316371918, 0.9255563616752625]","[0.5064943432807922, 0.8039900064468384, 0.008889355696737766, 0.7646253705024719]","[0.3675767183303833, 0.7999392747879028, -0.008119023405015469, 0.7949116230010986]","[0.5072656869888306, 1.026059627532959, 0.10761383920907974, 0.013992585241794586]","[0.37154871225357056, 1.026347041130066, 0.06741203367710114, 0.011786121875047684]","[0.5175776481628418, 1.2629331350326538, 0.44522717595100403, 0.0009341560653410852]","[0.36233288049697876, 1.2640807628631592, 0.2768850028514862, 0.00092018285067752]","[0.49863219261169434, 1.276368498802185, 0.46932899951934814, 0.001852944027632475]","[0.3599545657634735, 1.2967218160629272, 0.28824570775032043, 0.000887060712557286]","[0.4814571738243103, 1.3215678930282593, 0.22539865970611572, 0.0005069123581051826]","[0.35949406027793884, 1.3242465257644653, -0.01753056049346924, 0.0004980984376743436]"
"[0.4648991525173187, 0.3645116686820984, -0.49788013100624084, 0.9995516538619995]","[0.47657984495162964, 0.34597980976104736, -0.47033143043518066, 0.9993094205856323]","[0.48234567046165466, 0.34636348485946655, -0.4703941345214844, 0.9993723630905151]","[0.4882272481918335, 0.34698882699012756, -0.47062262892723083, 0.9994655251502991]","[0.452140212059021, 0.344787061214447, -0.4765642583370209, 0.9990054368972778]","[0.44218990206718445, 0.3449733853340149, -0.47646600008010864, 0.9988869428634644]","[0.4339520037174225, 0.3458930253982544, -0.4766123294830322, 0.9987055659294128]","[0.5001526474952698, 0.3582744300365448, -0.2567789554595947, 0.9994233846664429]","[0.4230193793773651, 0.35760819911956787, -0.2854215204715729, 0.9987595081329346]","[0.4797731637954712, 0.38651543855667114, -0.4177459180355072, 0.9995632171630859]","[0.44858336448669434, 0.3863403797149658, -0.4255389869213104, 0.9993272423744202]","[0.5525806546211243, 0.4846563935279846, -0.17715434730052948, 0.9998111724853516]","[0.3512175381183624, 0.46724003553390503, -0.15682382881641388, 0.9995404481887817]","[0.571250855922699, 0.6485577821731567, -0.14085938036441803, 0.9290080070495605]","[0.1956881433725357, 0.4992891848087311, -0.10409970581531525, 0.9951381087303162]","[0.5518606901168823, 0.8017446398735046, -0.3514381945133209, 0.5933271050453186]","[0.0445784330368042, 0.4030536413192749, -0.2433168739080429, 0.9617525935173035]","[0.5590515732765198, 0.853678822517395, -0.39644476771354675, 0.417874276638031]","[0.005381826777011156, 0.39089223742485046, -0.27995774149894714, 0.8612436652183533]","[0.5475919842720032, 0.854641854763031, -0.45276957750320435, 0.4901579022407532]","[0.0029365767259150743, 0.38272330164909363, -0.3494276702404022, 0.8876857161521912]","[0.5427750945091248, 0.8324074149131775, -0.38289642333984375, 0.546658992767334]","[0.017089607194066048, 0.38850492238998413, -0.28327059745788574, 0.9236143827438354]","[0.5063409209251404, 0.8031707406044006, 0.006462580058723688, 0.7659875154495239]","[0.36757221817970276, 0.799615740776062, -0.005754590965807438, 0.7935351729393005]","[0.5060676336288452, 1.025250792503357, 0.11414020508527756, 0.01397449430078268]","[0.37154269218444824, 1.0246405601501465, 0.07911675423383713, 0.01172021683305502]","[0.5163370966911316, 1.2627825736999512, 0.46052590012550354, 0.0009536430006846786]","[0.3620944917201996, 1.2614387273788452, 0.3040332794189453, 0.0009259231737814844]","[0.4986492693424225, 1.2751015424728394, 0.48502564430236816, 0.0018714208854362369]","[0.3593299090862274, 1.293536901473999, 0.3167160451412201, 0.0008980135316960514]","[0.48044589161872864, 1.319316029548645, 0.23582744598388672, 0.0005120756686665118]","[0.3604940176010132, 1.3210052251815796, 0.008114119060337543, 0.00050258485134691]"
"[0.4651886224746704, 0.36432647705078125, -0.5351000428199768, 0.9995515942573547]","[0.47691839933395386, 0.3455444872379303, -0.5060121417045593, 0.9993058443069458]","[0.48274028301239014, 0.34604597091674805, -0.506093442440033, 0.9993711709976196]","[0.4885198175907135, 0.346855103969574, -0.5063389539718628, 0.9994651079177856]","[0.45237991213798523, 0.34391430020332336, -0.5139861702919006, 0.9989920258522034]","[0.4424968659877777, 0.3439415991306305, -0.5139469504356384, 0.9988741874694824]","[0.43438997864723206, 0.3448857367038727, -0.514113187789917, 0.9986860156059265]","[0.5002816319465637, 0.35827282071113586, -0.28345590829849243, 0.9994179606437683]","[0.42296189069747925, 0.3574017882347107, -0.3208213746547699, 0.99872887134552]","[0.47988641262054443, 0.38647735118865967, -0.451472669839859, 0.999570369720459]","[0.4486253559589386, 0.38612428307533264, -0.4619373083114624, 0.9993358850479126]","[0.5523343086242676, 0.4846564829349518, -0.19927538931369781, 0.9998146891593933]","[0.3505735993385315, 0.46741870045661926, -0.18794170022010803, 0.9995359778404236]","[0.5711541771888733, 0.6487222909927368, -0.15893656015396118, 0.9301267266273499]","[0.193886861205101, 0.500164806842804, -0.14678476750850677, 0.9950017333030701]","[0.5516303181648254, 0.8033223748207092, -0.3606651723384857, 0.5921817421913147]","[0.034944817423820496, 0.4041309952735901, -0.2996877431869507, 0.9598832130432129]","[0.5590502023696899, 0.8567987084388733, -0.4033098816871643, 0.41549408435821533]","[-0.003629648359492421, 0.391432523727417, -0.3384149372577667, 0.8552629947662354]","[0.5475767850875854, 0.8584936857223511, -0.4589807391166687, 0.487749844789505]","[-0.008123412728309631, 0.3832907974720001, -0.4093215763568878, 0.8828040361404419]","[0.5427212119102478, 0.8350222706794739, -0.3917657136917114, 0.543360710144043]","[0.008847951889038086, 0.38958996534347534, -0.34045276045799255, 0.9202187657356262]","[0.5063127279281616, 0.8029389977455139, 0.00590429175645113, 0.7625371813774109]","[0.36756691336631775, 0.7995900511741638, -0.005241392645984888, 0.7875055074691772]","[0.5062522888183594, 1.0250872373580933, 0.13178721070289612, 0.01394773367792368]","[0.37183576822280884, 1.024426817893982, 0.09123310446739197, 0.011587213724851608]","[0.5158354043960571, 1.2627344131469727, 0.4960227906703949, 0.0009728990844450891]","[0.362107515335083, 1.2610480785369873, 0.33295994997024536, 0.0009334425558336079]","[0.4993029534816742, 1.274916410446167, 0.522152304649353, 0.0018937649438157678]","[0.359203964471817, 1.292951226234436, 0.34722593426704407, 0.0009117295849137008]","[0.48072540760040283, 1.319085717201233, 0.271346777677536, 0.0005170595250092447]","[0.3627825975418091, 1.3206082582473755, 0.03636660426855087, 0.0005065592704340816]"
"[0.4656198024749756, 0.36422300338745117, -0.5458998084068298, 0.9995314478874207]","[0.47737938165664673, 0.34528249502182007, -0.5165430307388306, 0.9992674589157104]","[0.4831399619579315, 0.34586724638938904, -0.5166414380073547, 0.999337375164032]","[0.4888401925563812, 0.34680411219596863, -0.5168893933296204, 0.999437153339386]","[0.4528602659702301, 0.3433358073234558, -0.5254603028297424, 0.998934805393219]","[0.4429810643196106, 0.3432704508304596, -0.5254483222961426, 0.9988146424293518]","[0.4348967373371124, 0.3441958427429199, -0.5256331562995911, 0.998617947101593]","[0.5003671646118164, 0.3582858741283417, -0.2912415564060211, 0.9993767738342285]","[0.4228990077972412, 0.3572167754173279, -0.332651287317276, 0.998638391494751]","[0.48000434041023254, 0.3864721655845642, -0.4610288143157959, 0.9995571374893188]","[0.4487377107143402, 0.38596853613853455, -0.47268325090408325, 0.9993185997009277]","[0.5520465970039368, 0.48467302322387695, -0.2047223448753357, 0.9998094439506531]","[0.3492462635040283, 0.46758389472961426, -0.19893646240234375, 0.9995184540748596]","[0.5711527466773987, 0.6486724019050598, -0.16500632464885712, 0.9303315281867981]","[0.19251182675361633, 0.5004581212997437, -0.1597018539905548, 0.9948938488960266]","[0.551812469959259, 0.8033506870269775, -0.36903759837150574, 0.5869023203849792]","[0.03144050016999245, 0.4043417274951935, -0.31270015239715576, 0.9577206969261169]","[0.5593563318252563, 0.8571085929870605, -0.4112204611301422, 0.4092789888381958]","[-0.0077792927622795105, 0.3910421133041382, -0.3508906066417694, 0.8487204909324646]","[0.5477972626686096, 0.8589107990264893, -0.46549367904663086, 0.4810152053833008]","[-0.012407379224896431, 0.3828963041305542, -0.42082831263542175, 0.8774541616439819]","[0.5429785251617432, 0.8353303670883179, -0.39977389574050903, 0.5360407829284668]","[0.005532923154532909, 0.3894975483417511, -0.3528444468975067, 0.9164580702781677]","[0.5063088536262512, 0.8028598427772522, 0.005371395032852888, 0.755722165107727]","[0.36753204464912415, 0.799598753452301, -0.0047477902844548225, 0.7791531085968018]","[0.5063040852546692, 1.0250747203826904, 0.1350606381893158, 0.014019690454006195]","[0.372054785490036, 1.0242693424224854, 0.09325854480266571, 0.011552205309271812]","[0.5155470967292786, 1.2627274990081787, 0.496901273727417, 0.0009963694028556347]","[0.3615351915359497, 1.2608506679534912, 0.33297276496887207, 0.000953986425884068]","[0.499307781457901, 1.2748525142669678, 0.5227950215339661, 0.0019204745767638087]","[0.357675701379776, 1.2925808429718018, 0.3469603359699249, 0.0009413192165084183]","[0.4805664122104645, 1.3190984725952148, 0.2727907598018646, 0.0005250823451206088]","[0.3630123734474182, 1.3205153942108154, 0.036770451813936234, 0.0005156411207281053]"
"[0.4660067558288574, 0.36404702067375183, -0.5544971227645874, 0.9995083212852478]","[0.4776863157749176, 0.3448505103588104, -0.5243885517120361, 0.9992186427116394]","[0.4833959639072418, 0.34545743465423584, -0.5244961380958557, 0.999295175075531]","[0.4890248477458954, 0.34653541445732117, -0.5247492790222168, 0.999398946762085]","[0.4532299041748047, 0.3428189158439636, -0.5344942808151245, 0.9988701939582825]","[0.44340839982032776, 0.34275150299072266, -0.534512996673584, 0.9987547397613525]","[0.43530169129371643, 0.3436730206012726, -0.534730076789856, 0.9985470771789551]","[0.5003699660301208, 0.35824713110923767, -0.29665255546569824, 0.9993221759796143]","[0.42286524176597595, 0.3570663630962372, -0.34388914704322815, 0.9985640048980713]","[0.4801192581653595, 0.386437326669693, -0.46870335936546326, 0.9995401501655579]","[0.4488965570926666, 0.38579097390174866, -0.4821019768714905, 0.9993025660514832]","[0.5517515540122986, 0.4846982955932617, -0.20384401082992554, 0.9998007416725159]","[0.3481762111186981, 0.4679381251335144, -0.21804650127887726, 0.9995089769363403]","[0.5715276598930359, 0.6482387781143188, -0.15744902193546295, 0.9295061230659485]","[0.19144637882709503, 0.5008224248886108, -0.190496027469635, 0.9947629570960999]","[0.5526885390281677, 0.8035827279090881, -0.35601797699928284, 0.5776011943817139]","[0.031235767528414726, 0.40453919768333435, -0.3502744734287262, 0.956308901309967]","[0.5600958466529846, 0.857728898525238, -0.39569738507270813, 0.40027838945388794]","[-0.007372887339442968, 0.39188283681869507, -0.3913070261478424, 0.8441680669784546]","[0.5493391156196594, 0.8599117398262024, -0.45064330101013184, 0.4712779223918915]","[-0.012098116800189018, 0.3838411569595337, -0.4599936008453369, 0.8736645579338074]","[0.5438647866249084, 0.8359448909759521, -0.38689693808555603, 0.5258246660232544]","[0.005441555753350258, 0.39038944244384766, -0.38977259397506714, 0.9136870503425598]","[0.5068063735961914, 0.8028513789176941, 0.0066279200837016106, 0.7497929930686951]","[0.367747962474823, 0.7996096611022949, -0.006079518236219883, 0.7722938060760498]","[0.5084654092788696, 1.025077223777771, 0.15176929533481598, 0.014095844700932503]","[0.37452778220176697, 1.0242842435836792, 0.09175179898738861, 0.01149588543921709]","[0.5182786583900452, 1.2626785039901733, 0.5200971961021423, 0.0010239089606329799]","[0.36270591616630554, 1.2609288692474365, 0.33635446429252625, 0.0009823617292568088]","[0.5023696422576904, 1.2748687267303467, 0.5466504096984863, 0.0019554707687348127]","[0.3581445515155792, 1.29268479347229, 0.3512178957462311, 0.0009688278660178185]","[0.48337727785110474, 1.3191264867782593, 0.29803022742271423, 0.0005348808481357992]","[0.3676459491252899, 1.3205381631851196, 0.041244298219680786, 0.0005276453448459506]"
"[0.46637195348739624, 0.36381036043167114, -0.5429360866546631, 0.9994820952415466]","[0.4779197871685028, 0.3443840444087982, -0.5131233334541321, 0.9991742968559265]","[0.4835520386695862, 0.3449673056602478, -0.5132169723510742, 0.9992548823356628]","[0.48911821842193604, 0.34613561630249023, -0.5134767889976501, 0.9993659257888794]","[0.453559011220932, 0.34242406487464905, -0.523149311542511, 0.9988145232200623]","[0.4436922073364258, 0.3424053490161896, -0.5231374502182007, 0.9986988306045532]","[0.43554893136024475, 0.3433646261692047, -0.5233235359191895, 0.9984856247901917]","[0.500351071357727, 0.35813868045806885, -0.2879413664340973, 0.9992752075195312]","[0.422762393951416, 0.3570097088813782, -0.33446985483169556, 0.9984957575798035]","[0.4802519977092743, 0.3863753378391266, -0.45806294679641724, 0.9995193481445312]","[0.4491230547428131, 0.3856283128261566, -0.4711998403072357, 0.9992777109146118]","[0.5516840815544128, 0.4847015142440796, -0.1969459503889084, 0.9997946619987488]","[0.34736037254333496, 0.4685131907463074, -0.21088552474975586, 0.9994946122169495]","[0.5718928575515747, 0.6480852961540222, -0.15534549951553345, 0.9287508726119995]","[0.19091962277889252, 0.5017297863960266, -0.18031515181064606, 0.994684636592865]","[0.5533635020256042, 0.8024781942367554, -0.3329053521156311, 0.5724237561225891]","[0.03182563558220863, 0.4046252369880676, -0.3309069573879242, 0.955400824546814]","[0.5608325600624084, 0.85511314868927, -0.3674386739730835, 0.3955508768558502]","[-0.006776127964258194, 0.39179426431655884, -0.3697560727596283, 0.84121173620224]","[0.5504766702651978, 0.8566475510597229, -0.42071816325187683, 0.46618956327438354]","[-0.011128860525786877, 0.383681058883667, -0.4365251064300537, 0.8712748885154724]","[0.5445393323898315, 0.834990918636322, -0.3624453544616699, 0.5206115245819092]","[0.00601161876693368, 0.390011191368103, -0.3695446252822876, 0.9119475483894348]","[0.5076717138290405, 0.8027199506759644, 0.007493785582482815, 0.746315598487854]","[0.3680402934551239, 0.7995625138282776, -0.00694986991584301, 0.7673432230949402]","[0.5087133049964905, 1.0250730514526367, 0.1487085074186325, 0.014022008515894413]","[0.3751550316810608, 1.0242924690246582, 0.08897082507610321, 0.011356385424733162]","[0.518081545829773, 1.2626478672027588, 0.509425699710846, 0.0010342570021748543]","[0.36287811398506165, 1.2609279155731201, 0.32524949312210083, 0.0009834949159994721]","[0.502668023109436, 1.274760365486145, 0.5356863737106323, 0.0019638247322291136]","[0.35815998911857605, 1.292440414428711, 0.33934909105300903, 0.000969388522207737]","[0.48389509320259094, 1.3191214799880981, 0.2921709418296814, 0.0005371573497541249]","[0.36818262934684753, 1.3206156492233276, 0.03208164870738983, 0.000527967291418463]"
"[0.4663908779621124, 0.3635466694831848, -0.503660261631012, 0.9994702935218811]","[0.4779229164123535, 0.34400317072868347, -0.47305789589881897, 0.9991593956947327]","[0.48355957865715027, 0.34456667304039, -0.4731358289718628, 0.9992390275001526]","[0.48912131786346436, 0.3457798659801483, -0.47340112924575806, 0.9993546605110168]","[0.4535622298717499, 0.34203770756721497, -0.48306766152381897, 0.9988009929656982]","[0.4437045454978943, 0.34202080965042114, -0.48300236463546753, 0.9986857771873474]","[0.4355769455432892, 0.3429611623287201, -0.48315495252609253, 0.9984773397445679]","[0.5002533197402954, 0.3580242395401001, -0.2526226341724396, 0.9992555379867554]","[0.42259836196899414, 0.3569003939628601, -0.29884272813796997, 0.99848473072052]","[0.4802553653717041, 0.38622868061065674, -0.421448677778244, 0.9995100498199463]","[0.44912976026535034, 0.38540416955947876, -0.434410035610199, 0.999270498752594]","[0.5515445470809937, 0.4847468435764313, -0.1697433888912201, 0.9997898936271667]","[0.3471342623233795, 0.4689558446407318, -0.18852339684963226, 0.9994863867759705]","[0.571994960308075, 0.6481003761291504, -0.11812884360551834, 0.9280502200126648]","[0.19106945395469666, 0.503400444984436, -0.17086614668369293, 0.9946228265762329]","[0.5538376569747925, 0.8022861480712891, -0.283835768699646, 0.5678548216819763]","[0.033949028700590134, 0.4055209457874298, -0.3207717537879944, 0.9548291563987732]","[0.5613710880279541, 0.854045033454895, -0.31736519932746887, 0.3919895887374878]","[-0.004171409178525209, 0.3911053240299225, -0.3582612872123718, 0.8397334814071655]","[0.5507209300994873, 0.8549301624298096, -0.36924049258232117, 0.46242019534111023]","[-0.006459381897002459, 0.3828245997428894, -0.4338377118110657, 0.8701754808425903]","[0.5450053811073303, 0.8345559239387512, -0.3127232491970062, 0.51728355884552]","[0.00923147052526474, 0.3893454074859619, -0.3629201054573059, 0.9111000895500183]","[0.5081230998039246, 0.8026475310325623, 0.00792219489812851, 0.7455555200576782]","[0.36823973059654236, 0.7995145916938782, -0.0073542813770473, 0.7654815316200256]","[0.5086695551872253, 1.0250192880630493, 0.14841783046722412, 0.013769412413239479]","[0.3751460313796997, 1.0243042707443237, 0.07930190116167068, 0.01111187506467104]","[0.5179310441017151, 1.2626034021377563, 0.48947280645370483, 0.0010270972270518541]","[0.3628583550453186, 1.2607775926589966, 0.2994469106197357, 0.0009645302197895944]","[0.5026127696037292, 1.2745388746261597, 0.5140815377235413, 0.0019430031534284353]","[0.35818982124328613, 1.2921053171157837, 0.3122488856315613, 0.0009501007734797895]","[0.4837372303009033, 1.3190025091171265, 0.2822476327419281, 0.0005309022963047028]","[0.368112176656723, 1.3206361532211304, 0.011226506903767586, 0.0005194336990825832]"
"[0.4660145342350006, 0.3631933033466339, -0.5027247667312622, 0.999463677406311]","[0.4776031970977783, 0.34354615211486816, -0.4724918007850647, 0.9991506338119507]","[0.4834384024143219, 0.3440747559070587, -0.4725587069988251, 0.9992295503616333]","[0.4888918101787567, 0.345246285200119, -0.47281157970428467, 0.9993481040000916]","[0.4531906247138977, 0.3416450321674347, -0.48161187767982483, 0.9987925291061401]","[0.44348734617233276, 0.3416169285774231, -0.4815431237220764, 0.9986774921417236]","[0.435477614402771, 0.34252628684043884, -0.4816897511482239, 0.998472273349762]","[0.49991896748542786, 0.3577788770198822, -0.25339189171791077, 0.9992453455924988]","[0.4223354756832123, 0.3567432761192322, -0.2957814037799835, 0.998472273349762]","[0.48007404804229736, 0.3859233558177948, -0.42119157314300537, 0.9995049834251404]","[0.4488776922225952, 0.3850674331188202, -0.4331185817718506, 0.9992642998695374]","[0.5514423847198486, 0.48480260372161865, -0.17075829207897186, 0.9997869729995728]","[0.3469488024711609, 0.46939581632614136, -0.18496794998645782, 0.9994839429855347]","[0.571996808052063, 0.6482089757919312, -0.11921615153551102, 0.9278765916824341]","[0.19106881320476532, 0.5038929581642151, -0.1705329269170761, 0.9946466684341431]","[0.5539842844009399, 0.8023399114608765, -0.2901039719581604, 0.5682111382484436]","[0.034221164882183075, 0.4053380489349365, -0.3117837607860565, 0.9549866318702698]","[0.5616840720176697, 0.8535422086715698, -0.3251498341560364, 0.39233970642089844]","[-0.004032542929053307, 0.3906591236591339, -0.34821808338165283, 0.840090811252594]","[0.5507794618606567, 0.8549172878265381, -0.3778752386569977, 0.46267956495285034]","[-0.006176050752401352, 0.3822237551212311, -0.4234951138496399, 0.8706408143043518]","[0.5452114939689636, 0.8344509601593018, -0.319480836391449, 0.5180425643920898]","[0.009267149493098259, 0.38880398869514465, -0.353654682636261, 0.9113968014717102]","[0.5082162022590637, 0.8026247620582581, 0.007650734391063452, 0.7447929978370667]","[0.3682629466056824, 0.7994952201843262, -0.0070570725947618484, 0.7648106813430786]","[0.5084273815155029, 1.0249722003936768, 0.1345551759004593, 0.013482196256518364]","[0.3747482895851135, 1.0243079662322998, 0.07805999368429184, 0.010879033245146275]","[0.5178787708282471, 1.2625950574874878, 0.47323712706565857, 0.0010173013433814049]","[0.3622109293937683, 1.2605605125427246, 0.2954941391944885, 0.0009400052949786186]","[0.5015838146209717, 1.2742562294006348, 0.49751415848731995, 0.0019284272566437721]","[0.3577844202518463, 1.291877269744873, 0.30769672989845276, 0.0009332263143733144]","[0.4828470051288605, 1.3187122344970703, 0.2610000669956207, 0.0005236422875896096]","[0.3657955825328827, 1.320504069328308, 0.005345190409570932, 0.0005106871831230819]"
"[0.46586480736732483, 0.36313101649284363, -0.4953837990760803, 0.999444305896759]","[0.4773184359073639, 0.34341397881507874, -0.46578046679496765, 0.9991207718849182]","[0.4833019971847534, 0.34387943148612976, -0.46584802865982056, 0.9992014169692993]","[0.48868462443351746, 0.3449810743331909, -0.46609270572662354, 0.9993239045143127]","[0.4529394805431366, 0.34161144495010376, -0.4741588830947876, 0.9987553358078003]","[0.4433695375919342, 0.3415933847427368, -0.47409743070602417, 0.9986413717269897]","[0.4354279935359955, 0.34250766038894653, -0.4742591679096222, 0.9984360933303833]","[0.49949848651885986, 0.35756048560142517, -0.2501372992992401, 0.999218761920929]","[0.4221481680870056, 0.3567110300064087, -0.2881753146648407, 0.9984310269355774]","[0.4799821376800537, 0.3858335018157959, -0.4150196611881256, 0.9994871020317078]","[0.4488174319267273, 0.3849743604660034, -0.4256379008293152, 0.999241054058075]","[0.5513931512832642, 0.48480597138404846, -0.16942057013511658, 0.9997798204421997]","[0.3468359410762787, 0.4696110188961029, -0.17740872502326965, 0.9994765520095825]","[0.572004497051239, 0.6482023000717163, -0.11871500313282013, 0.9275776743888855]","[0.1911858320236206, 0.5042229294776917, -0.16293048858642578, 0.994665801525116]","[0.5537623763084412, 0.8023296594619751, -0.290515661239624, 0.5678781867027283]","[0.03656613081693649, 0.40506628155708313, -0.30473455786705017, 0.9554427862167358]","[0.5614377856254578, 0.853566586971283, -0.3258713185787201, 0.39204296469688416]","[-0.0024966136552393436, 0.39049696922302246, -0.340154767036438, 0.8419454097747803]","[0.5503743886947632, 0.8549361228942871, -0.3786796033382416, 0.4621608853340149]","[-0.00440767128020525, 0.3809482157230377, -0.41278988122940063, 0.8722915649414062]","[0.5450214147567749, 0.834344208240509, -0.31987854838371277, 0.5178844928741455]","[0.010884939692914486, 0.38791683316230774, -0.3459125757217407, 0.9123440384864807]","[0.5082436800003052, 0.8025484681129456, 0.007227136287838221, 0.7440678477287292]","[0.3682744801044464, 0.799439013004303, -0.006602603476494551, 0.764370858669281]","[0.5083803534507751, 1.0243622064590454, 0.10890918970108032, 0.013457896187901497]","[0.3744622468948364, 1.0239648818969727, 0.07316560298204422, 0.010841955430805683]","[0.5178638696670532, 1.2624014616012573, 0.4346632957458496, 0.001021494623273611]","[0.36205050349235535, 1.2596555948257446, 0.2761949598789215, 0.000939130550250411]","[0.5011022686958313, 1.2734302282333374, 0.45762693881988525, 0.0019277420360594988]","[0.3577718734741211, 1.2911739349365234, 0.28666552901268005, 0.0009360460680909455]","[0.4825909435749054, 1.317744493484497, 0.21692508459091187, 0.0005256810691207647]","[0.3648047149181366, 1.319668173789978, -0.014228659681975842, 0.0005130440695211291]"
"[0.46545109152793884, 0.36293065547943115, -0.4898834824562073, 0.9994350075721741]","[0.47681066393852234, 0.34317025542259216, -0.46077847480773926, 0.9991072416305542]","[0.4830511808395386, 0.34355929493904114, -0.46084344387054443, 0.9991874694824219]","[0.48836633563041687, 0.34455060958862305, -0.46108078956604004, 0.999311625957489]","[0.4523511230945587, 0.3415583074092865, -0.4682844281196594, 0.9987384676933289]","[0.4429507255554199, 0.34157052636146545, -0.46822667121887207, 0.9986243844032288]","[0.435159832239151, 0.3425065875053406, -0.4683932065963745, 0.9984209537506104]","[0.4990714490413666, 0.3572635352611542, -0.24746152758598328, 0.9992062449455261]","[0.4218099117279053, 0.35670146346092224, -0.2810066342353821, 0.9984071254730225]","[0.47982853651046753, 0.3855680823326111, -0.41024133563041687, 0.9994769096374512]","[0.4485261142253876, 0.38480210304260254, -0.4195600152015686, 0.9992268681526184]","[0.551331639289856, 0.4847796559333801, -0.1675475388765335, 0.9997740983963013]","[0.3468397557735443, 0.46974045038223267, -0.1659122109413147, 0.9994717240333557]","[0.5719963312149048, 0.6482057571411133, -0.11680188775062561, 0.9274452328681946]","[0.19155092537403107, 0.5046400427818298, -0.1374400109052658, 0.9946839809417725]","[0.5537089705467224, 0.8023600578308105, -0.2891004979610443, 0.5679709315299988]","[0.03942480310797691, 0.40502363443374634, -0.2792450487613678, 0.9557309150695801]","[0.5613504648208618, 0.8537349700927734, -0.32445114850997925, 0.39196574687957764]","[6.60912919556722e-05, 0.3900946378707886, -0.31517794728279114, 0.8433570861816406]","[0.5502303838729858, 0.8550510406494141, -0.37744393944740295, 0.4618369936943054]","[-0.001743159256875515, 0.3808230459690094, -0.3826539218425751, 0.873486340045929]","[0.5449826121330261, 0.8342871069908142, -0.31846848130226135, 0.5178670287132263]","[0.01322354469448328, 0.3876371383666992, -0.3180939257144928, 0.9129754900932312]","[0.5082411170005798, 0.8024612069129944, 0.005851303227245808, 0.7453120946884155]","[0.36833348870277405, 0.7994275093078613, -0.005181372165679932, 0.7660685777664185]","[0.5083916187286377, 1.0235987901687622, 0.09103316813707352, 0.013447110541164875]","[0.3744465112686157, 1.023679256439209, 0.07235807180404663, 0.01085512526333332]","[0.5178508162498474, 1.2616275548934937, 0.41548028588294983, 0.001024695229716599]","[0.3620750606060028, 1.2591067552566528, 0.27043530344963074, 0.0009500549058429897]","[0.5008748173713684, 1.2722651958465576, 0.43833085894584656, 0.0019251357298344374]","[0.35794782638549805, 1.290922999382019, 0.28032368421554565, 0.000947985565289855]","[0.4825171232223511, 1.3166433572769165, 0.19584375619888306, 0.0005312304710969329]","[0.3642995357513428, 1.3189244270324707, -0.020196953788399696, 0.0005211373209021986]"
"[0.4651872217655182, 0.36274948716163635, -0.4857199788093567, 0.9994347095489502]","[0.4764489233493805, 0.34299126267433167, -0.4570554792881012, 0.9991044402122498]","[0.48286497592926025, 0.34330108761787415, -0.45713040232658386, 0.9991862773895264]","[0.4881335198879242, 0.3441985249519348, -0.45736411213874817, 0.9993090033531189]","[0.4519207179546356, 0.34155192971229553, -0.464266836643219, 0.9987341165542603]","[0.44261035323143005, 0.34157878160476685, -0.4642196595668793, 0.9986239671707153]","[0.4349147379398346, 0.34253475069999695, -0.4643905758857727, 0.9984214305877686]","[0.49874264001846313, 0.3570142090320587, -0.24590645730495453, 0.999202311038971]","[0.42148059606552124, 0.3567095994949341, -0.27808743715286255, 0.9984035491943359]","[0.4797472059726715, 0.38531774282455444, -0.40679001808166504, 0.9994720220565796]","[0.44834253191947937, 0.384689062833786, -0.415713906288147, 0.9992215037345886]","[0.5512328147888184, 0.48471835255622864, -0.16702023148536682, 0.9997699856758118]","[0.34684324264526367, 0.46989476680755615, -0.1617761254310608, 0.9994693994522095]","[0.5719782114028931, 0.6481898427009583, -0.11716410517692566, 0.9260438680648804]","[0.19157002866268158, 0.5056896209716797, -0.1267043799161911, 0.9946994185447693]","[0.553598940372467, 0.802352249622345, -0.29070669412612915, 0.5673291683197021]","[0.03956998512148857, 0.40501803159713745, -0.26340872049331665, 0.9563618898391724]","[0.5611031651496887, 0.8539633750915527, -0.3262507915496826, 0.39154282212257385]","[0.00019281503045931458, 0.38978368043899536, -0.2987373471260071, 0.8453471660614014]","[0.5498907566070557, 0.8552992939949036, -0.3792100250720978, 0.46128010749816895]","[-0.0013806200586259365, 0.3805318772792816, -0.3633873462677002, 0.8751615881919861]","[0.5448516011238098, 0.8342254757881165, -0.3201155364513397, 0.5176973938941956]","[0.013387043960392475, 0.3873942792415619, -0.3008792996406555, 0.9140036702156067]","[0.5082367658615112, 0.802375853061676, 0.005381804425269365, 0.7455803751945496]","[0.3684370517730713, 0.7994169592857361, -0.004715046379715204, 0.7666528224945068]","[0.5090571641921997, 1.0226924419403076, 0.09341885894536972, 0.013426685705780983]","[0.3748803734779358, 1.0235759019851685, 0.07244106382131577, 0.01083551999181509]","[0.5176392793655396, 1.2605849504470825, 0.421409010887146, 0.0010304726893082261]","[0.3629021644592285, 1.2590080499649048, 0.2720697224140167, 0.0009560303878970444]","[0.5015872716903687, 1.2710627317428589, 0.44490423798561096, 0.00193396199028939]","[0.35895290970802307, 1.2908873558044434, 0.28236937522888184, 0.00095188501290977]","[0.48287245631217957, 1.316027283668518, 0.20397672057151794, 0.0005360207287594676]","[0.3651268780231476, 1.3188649415969849, -0.01829916052520275, 0.0005264446954242885]"
"[0.4649389684200287, 0.3625197410583496, -0.4870838522911072, 0.9994238615036011]","[0.47612160444259644, 0.3427335321903229, -0.4585612416267395, 0.999085009098053]","[0.48267653584480286, 0.3429967761039734, -0.45863980054855347, 0.9991691708564758]","[0.4878755807876587, 0.3438265919685364, -0.4588772654533386, 0.9992929100990295]","[0.45154860615730286, 0.3414870798587799, -0.46578097343444824, 0.9987067580223083]","[0.4422972500324249, 0.34155556559562683, -0.46573683619499207, 0.9985976219177246]","[0.43465617299079895, 0.3425389230251312, -0.465911328792572, 0.9983937740325928]","[0.49836093187332153, 0.3567875325679779, -0.24665452539920807, 0.999183177947998]","[0.42110776901245117, 0.35671067237854004, -0.2790414094924927, 0.9983662366867065]","[0.47962743043899536, 0.3850746154785156, -0.4078141748905182, 0.9994624257087708]","[0.448070228099823, 0.3845714330673218, -0.41670170426368713, 0.9992104172706604]","[0.5511082410812378, 0.4845685660839081, -0.16729438304901123, 0.9997633695602417]","[0.3468324542045593, 0.4699033498764038, -0.15956957638263702, 0.9994622468948364]","[0.5719800591468811, 0.6481636166572571, -0.12091092020273209, 0.9261342883110046]","[0.19156666100025177, 0.5060045123100281, -0.12143309414386749, 0.9946466684341431]","[0.5535780191421509, 0.8029114007949829, -0.30455806851387024, 0.5657506585121155]","[0.04016118869185448, 0.4064529538154602, -0.2636171281337738, 0.9560517072677612]","[0.5610959529876709, 0.8551905751228333, -0.3426218628883362, 0.3897300064563751]","[0.0016070181736722589, 0.39048904180526733, -0.2994183897972107, 0.8450724482536316]","[0.5498831272125244, 0.8568532466888428, -0.3960559666156769, 0.45925959944725037]","[0.0005076788365840912, 0.3817129135131836, -0.36437535285949707, 0.8750215172767639]","[0.544852614402771, 0.8349300026893616, -0.3343333303928375, 0.5158258676528931]","[0.014580863527953625, 0.3886374235153198, -0.30122968554496765, 0.9136585593223572]","[0.5082353353500366, 0.8022682070732117, 0.004250239115208387, 0.7457870841026306]","[0.3685239553451538, 0.7994075417518616, -0.003602780867367983, 0.7667253017425537]","[0.5090747475624084, 1.0221645832061768, 0.09239938110113144, 0.013668850064277649]","[0.3752046227455139, 1.0229687690734863, 0.07421613484621048, 0.010999011807143688]","[0.5173731446266174, 1.2602800130844116, 0.420888751745224, 0.0010611008619889617]","[0.3638738691806793, 1.2582460641860962, 0.27302417159080505, 0.0010019271867349744]","[0.5019777417182922, 1.2703945636749268, 0.4442784786224365, 0.001961634960025549]","[0.3600720465183258, 1.2902414798736572, 0.28355351090431213, 0.0009934642584994435]","[0.4829377830028534, 1.3151569366455078, 0.20223641395568848, 0.0005534871597774327]","[0.36612001061439514, 1.3178915977478027, -0.016349082812666893, 0.0005511890049092472]"
"[0.46457913517951965, 0.3622456192970276, -0.48807770013809204, 0.9994111061096191]","[0.47574466466903687, 0.3423759937286377, -0.4595799148082733, 0.9990643858909607]","[0.4824592173099518, 0.34262552857398987, -0.45966076850891113, 0.9991514086723328]","[0.48759615421295166, 0.34339994192123413, -0.45990124344825745, 0.999276876449585]","[0.45111533999443054, 0.3412712514400482, -0.46690529584884644, 0.9986734986305237]","[0.44195619225502014, 0.34136706590652466, -0.4668610990047455, 0.9985643029212952]","[0.4343624413013458, 0.3423912227153778, -0.4670369029045105, 0.9983558058738708]","[0.4980344772338867, 0.3563903570175171, -0.24667806923389435, 0.999160885810852]","[0.42081955075263977, 0.3566713333129883, -0.27939119935035706, 0.9983252882957458]","[0.4794342517852783, 0.3847617208957672, -0.40821006894111633, 0.9994545578956604]","[0.4477160573005676, 0.3843974769115448, -0.4172584116458893, 0.9991987943649292]","[0.5508925318717957, 0.4842565655708313, -0.1638527661561966, 0.9997596144676208]","[0.3468773066997528, 0.46974050998687744, -0.1564430296421051, 0.9994529485702515]","[0.5717950463294983, 0.6475944519042969, -0.11239560693502426, 0.9259693026542664]","[0.19242799282073975, 0.5075327157974243, -0.11125050485134125, 0.994521975517273]","[0.5529553294181824, 0.8029409646987915, -0.2962760627269745, 0.564511239528656]","[0.04013853147625923, 0.412761390209198, -0.2540337145328522, 0.9549159407615662]","[0.5605301260948181, 0.8555557727813721, -0.3333022892475128, 0.3887392580509186]","[0.0016503873048350215, 0.39610755443573, -0.2890080213546753, 0.842355489730835]","[0.549450159072876, 0.8572490811347961, -0.3880966007709503, 0.45814794301986694]","[0.0004912158474326134, 0.3877609670162201, -0.35560959577560425, 0.872866153717041]","[0.5445044040679932, 0.8350204825401306, -0.32627299427986145, 0.5145254135131836]","[0.014563767239451408, 0.3949086666107178, -0.29210588335990906, 0.9119799137115479]","[0.5082258582115173, 0.8015629649162292, 0.0037274735514074564, 0.7487921118736267]","[0.36857908964157104, 0.7988300323486328, -0.0031106274109333754, 0.7686330080032349]","[0.5088914632797241, 1.0214368104934692, 0.10047537833452225, 0.014016399160027504]","[0.37527596950531006, 1.0222830772399902, 0.0816531851887703, 0.011245259083807468]","[0.5171186327934265, 1.2601763010025024, 0.44243302941322327, 0.0011085101868957281]","[0.36442938446998596, 1.2575922012329102, 0.2988871932029724, 0.0010600110981613398]","[0.5022306442260742, 1.2695157527923584, 0.4672871232032776, 0.0020096979569643736]","[0.3608173131942749, 1.289481520652771, 0.31186285614967346, 0.0010425710352137685]","[0.48294422030448914, 1.3142526149749756, 0.2233465313911438, 0.0005758875049650669]","[0.36705559492111206, 1.3172329664230347, 0.010883735492825508, 0.0005785361281596124]"
"[0.4640278220176697, 0.3620505928993225, -0.5375810265541077, 0.9994109272956848]","[0.47522810101509094, 0.34206393361091614, -0.5104607939720154, 0.9990673065185547]","[0.4821613132953644, 0.34230074286460876, -0.5105454325675964, 0.9991539120674133]","[0.48729074001312256, 0.3430207073688507, -0.5107974410057068, 0.9992794394493103]","[0.45044514536857605, 0.3411159813404083, -0.5157749056816101, 0.9986668229103088]","[0.44140899181365967, 0.3412522077560425, -0.5157333016395569, 0.9985543489456177]","[0.433883398771286, 0.34231728315353394, -0.5159226059913635, 0.9983434677124023]","[0.4976997673511505, 0.35606008768081665, -0.29076701402664185, 0.9991642236709595]","[0.4205254018306732, 0.356646865606308, -0.3150797188282013, 0.9983060359954834]","[0.4791628122329712, 0.38454753160476685, -0.4541066884994507, 0.9994636178016663]","[0.4472249746322632, 0.38429975509643555, -0.46088752150535583, 0.9992052316665649]","[0.5507334470748901, 0.4840746223926544, -0.19676588475704193, 0.9997644424438477]","[0.3470402657985687, 0.46967652440071106, -0.1715424507856369, 0.9994551539421082]","[0.5715680122375488, 0.6473895907402039, -0.14143915474414825, 0.9277795553207397]","[0.19279137253761292, 0.5096578001976013, -0.11171555519104004, 0.9944261908531189]","[0.5521339774131775, 0.803232729434967, -0.33396613597869873, 0.5694549083709717]","[0.03922278806567192, 0.42528700828552246, -0.26926642656326294, 0.9541963338851929]","[0.5596756339073181, 0.8564396500587463, -0.3747607171535492, 0.3924696147441864]","[0.0014267007354646921, 0.4088563323020935, -0.3064332902431488, 0.840635359287262]","[0.5483893156051636, 0.8580448627471924, -0.4316895604133606, 0.461835652589798]","[-0.0007145791896618903, 0.4000842571258545, -0.3788372278213501, 0.8715510368347168]","[0.5435037612915039, 0.8360068798065186, -0.3647528886795044, 0.5175079703330994]","[0.013583923690021038, 0.40826332569122314, -0.30993562936782837, 0.9109899997711182]","[0.5081604719161987, 0.800568163394928, 0.00032250204822048545, 0.753998875617981]","[0.3688587248325348, 0.7973846197128296, 0.000270947435637936, 0.7724109292030334]","[0.5086987018585205, 1.0213041305541992, 0.11276401579380035, 0.01441728975623846]","[0.37528133392333984, 1.0216636657714844, 0.10358531028032303, 0.011582139879465103]","[0.5168483853340149, 1.2599408626556396, 0.4819338321685791, 0.0011473186314105988]","[0.3655480146408081, 1.256984829902649, 0.3512469530105591, 0.001104825991205871]","[0.5029106736183167, 1.2694276571273804, 0.5083528757095337, 0.0020224270410835743]","[0.36231178045272827, 1.2887437343597412, 0.3668055236339569, 0.001081994385458529]","[0.48335492610931396, 1.3138951063156128, 0.2508845925331116, 0.0005913828499615192]","[0.3685561418533325, 1.3166334629058838, 0.05494227632880211, 0.0006000630673952401]"
"[0.4634951949119568, 0.3617629408836365, -0.5405037999153137, 0.9994028806686401]","[0.4747430980205536, 0.34170499444007874, -0.5141090750694275, 0.9990640878677368]","[0.4818648099899292, 0.34195539355278015, -0.5141922831535339, 0.9991497993469238]","[0.48700785636901855, 0.342640221118927, -0.5144311189651489, 0.9992763996124268]","[0.4498398005962372, 0.34089311957359314, -0.5199601054191589, 0.9986539483070374]","[0.440893292427063, 0.3410751223564148, -0.519912600517273, 0.9985387325286865]","[0.43336883187294006, 0.3421819508075714, -0.520088791847229, 0.9983267188072205]","[0.497400164604187, 0.35577115416526794, -0.2961236834526062, 0.9991591572761536]","[0.4202236831188202, 0.35660427808761597, -0.3226056396961212, 0.9982795715332031]","[0.47884631156921387, 0.3842681646347046, -0.4574125111103058, 0.9994645118713379]","[0.4466579854488373, 0.38411620259284973, -0.46486595273017883, 0.9992005228996277]","[0.5505383014678955, 0.4840359389781952, -0.19832773506641388, 0.9997642040252686]","[0.346947580575943, 0.4696781635284424, -0.17492368817329407, 0.9994457960128784]","[0.5713556408882141, 0.6473827958106995, -0.13848777115345, 0.9295923709869385]","[0.1942649632692337, 0.516158401966095, -0.11062964051961899, 0.9943063259124756]","[0.5519757270812988, 0.8033766150474548, -0.3300336003303528, 0.5778489708900452]","[0.03815847635269165, 0.44433698058128357, -0.2589561343193054, 0.9534857273101807]","[0.5593836903572083, 0.8569232821464539, -0.37022292613983154, 0.40021926164627075]","[0.0010733767412602901, 0.4337250888347626, -0.29236918687820435, 0.8400145173072815]","[0.5480445623397827, 0.8584229946136475, -0.42446234822273254, 0.4690875709056854]","[-0.002046427456662059, 0.42447903752326965, -0.3665667772293091, 0.8712054491043091]","[0.5432373285293579, 0.8360347747802734, -0.3604493737220764, 0.5245691537857056]","[0.012068366631865501, 0.43057170510292053, -0.29986315965652466, 0.9106130599975586]","[0.5079761743545532, 0.7999878525733948, -0.0007970785372890532, 0.7634578347206116]","[0.3689025342464447, 0.7967506647109985, 0.0013795198174193501, 0.7794445753097534]","[0.506898045539856, 1.0207250118255615, 0.11334206908941269, 0.015006912872195244]","[0.37483158707618713, 1.0201878547668457, 0.10609225183725357, 0.0119738494977355]","[0.5161157250404358, 1.2593470811843872, 0.47587692737579346, 0.0011894460767507553]","[0.36565101146698, 1.2547621726989746, 0.3462403118610382, 0.001154635101556778]","[0.5028995871543884, 1.2685787677764893, 0.5016236901283264, 0.002040166174992919]","[0.3625606596469879, 1.2860711812973022, 0.36124515533447266, 0.0011235900456085801]","[0.4826146364212036, 1.3123469352722168, 0.24850313365459442, 0.0006144490325823426]","[0.3689718246459961, 1.3145426511764526, 0.055508412420749664, 0.0006275360356085002]"
"[0.4633010923862457, 0.36159151792526245, -0.5944740772247314, 0.9993867874145508]","[0.47447583079338074, 0.3414522409439087, -0.5672522783279419, 0.9990506768226624]","[0.4816949963569641, 0.34170734882354736, -0.5673242211341858, 0.9991375803947449]","[0.4868357479572296, 0.34236037731170654, -0.5675370693206787, 0.9992699027061462]","[0.44955527782440186, 0.34077316522598267, -0.5736066102981567, 0.9986224174499512]","[0.4406585991382599, 0.3410024642944336, -0.5735763907432556, 0.9984970688819885]","[0.433188259601593, 0.34214678406715393, -0.5737587809562683, 0.9982793927192688]","[0.4972684383392334, 0.3555721044540405, -0.34081220626831055, 0.9991477131843567]","[0.42004498839378357, 0.35659727454185486, -0.36966371536254883, 0.9981849789619446]","[0.47878769040107727, 0.3841649889945984, -0.5084912776947021, 0.9994608163833618]","[0.4465698301792145, 0.384050190448761, -0.5165987014770508, 0.999180018901825]","[0.5504527688026428, 0.48403337597846985, -0.2382834404706955, 0.9997631907463074]","[0.3470243513584137, 0.4698328375816345, -0.20518574118614197, 0.9994149208068848]","[0.571378231048584, 0.6473186016082764, -0.17449602484703064, 0.9309864640235901]","[0.19795434176921844, 0.5211373567581177, -0.12235131859779358, 0.9938050508499146]","[0.551997184753418, 0.803388237953186, -0.3639312982559204, 0.5772024393081665]","[0.03874596208333969, 0.4705395996570587, -0.27285367250442505, 0.945844292640686]","[0.5593835115432739, 0.8572091460227966, -0.4043757915496826, 0.39813894033432007]","[0.001020794385112822, 0.46299296617507935, -0.3046223819255829, 0.8251394033432007]","[0.5479889512062073, 0.8586488962173462, -0.461987167596817, 0.46621260046958923]","[-0.0025293102953583, 0.4557482600212097, -0.3833140730857849, 0.8587539792060852]","[0.543211817741394, 0.8360093832015991, -0.39479467272758484, 0.5210062265396118]","[0.012084516696631908, 0.46266433596611023, -0.31548964977264404, 0.9014584422111511]","[0.5077732801437378, 0.7997617125511169, -0.002654275856912136, 0.7640513777732849]","[0.3694626986980438, 0.796594500541687, 0.00325983390212059, 0.7771104574203491]","[0.5055805444717407, 1.0207449197769165, 0.11454145610332489, 0.015346933156251907]","[0.37422457337379456, 1.019338846206665, 0.10911308974027634, 0.012172449380159378]","[0.5151446461677551, 1.2586227655410767, 0.47892072796821594, 0.0012253712629899383]","[0.3652011752128601, 1.2530769109725952, 0.35437870025634766, 0.0011898087104782462]","[0.5025872588157654, 1.2685630321502686, 0.5037248730659485, 0.0020539462566375732]","[0.3620951175689697, 1.2841414213180542, 0.3690086901187897, 0.0011795511236414313]","[0.4806974232196808, 1.3117989301681519, 0.2458544820547104, 0.0006342108245007694]","[0.36861345171928406, 1.3131715059280396, 0.05671749264001846, 0.0006543023628182709]"
"[0.46322935819625854, 0.3615618348121643, -0.6417343616485596, 0.9993968605995178]","[0.4744016230106354, 0.34139448404312134, -0.6153241395950317, 0.9990691542625427]","[0.48165157437324524, 0.34164345264434814, -0.6153594851493835, 0.9991565942764282]","[0.486784964799881, 0.34228232502937317, -0.6155341267585754, 0.999282956123352]","[0.4494040310382843, 0.3407699167728424, -0.6213080286979675, 0.9986474514007568]","[0.4405009150505066, 0.34101003408432007, -0.6213008761405945, 0.9985277652740479]","[0.4330708980560303, 0.3421853184700012, -0.6214865446090698, 0.9983150362968445]","[0.4972621500492096, 0.3554714024066925, -0.3875975012779236, 0.999161422252655]","[0.4198843240737915, 0.3566157817840576, -0.4151274859905243, 0.9982091188430786]","[0.47878196835517883, 0.38412630558013916, -0.5553008913993835, 0.9994731545448303]","[0.4465596377849579, 0.384030282497406, -0.5629443526268005, 0.9991966485977173]","[0.5503295660018921, 0.48399391770362854, -0.27805978059768677, 0.9997613430023193]","[0.34737083315849304, 0.4699578583240509, -0.23725003004074097, 0.9994134306907654]","[0.5712365508079529, 0.6461995244026184, -0.20843163132667542, 0.9306343197822571]","[0.20333507657051086, 0.5341057777404785, -0.13804109394550323, 0.9934311509132385]","[0.5518853664398193, 0.8026578426361084, -0.3948124647140503, 0.5726179480552673]","[0.04166809469461441, 0.5041118264198303, -0.2747672200202942, 0.9376526474952698]","[0.5592724680900574, 0.8572052121162415, -0.4329109787940979, 0.39190012216567993]","[-0.0003316510992590338, 0.5057999491691589, -0.30465373396873474, 0.8085126280784607]","[0.5481137633323669, 0.854529619216919, -0.49315735697746277, 0.458855003118515]","[-0.00392152788117528, 0.5007585883140564, -0.3827996850013733, 0.844523012638092]","[0.5430812239646912, 0.8354918360710144, -0.4267024099826813, 0.5130583643913269]","[0.011950962245464325, 0.5056425333023071, -0.3168359696865082, 0.8905957937240601]","[0.507355809211731, 0.7982016205787659, -0.004577528685331345, 0.7604371905326843]","[0.37052467465400696, 0.7948752641677856, 0.005159719381481409, 0.7747595906257629]","[0.5048835873603821, 1.0208953619003296, 0.11439570784568787, 0.015628822147846222]","[0.3744586408138275, 1.0186779499053955, 0.10804075002670288, 0.012247326783835888]","[0.5125025510787964, 1.2573274374008179, 0.47855740785598755, 0.0012923531467095017]","[0.3652796745300293, 1.2526788711547852, 0.3564950227737427, 0.001237803720869124]","[0.5026084780693054, 1.268667459487915, 0.5027602314949036, 0.0021203274372965097]","[0.36212942004203796, 1.2839306592941284, 0.3706725835800171, 0.001258746488019824]","[0.4798482060432434, 1.311793327331543, 0.24204400181770325, 0.0006671161972917616]","[0.36856308579444885, 1.3129642009735107, 0.0528433695435524, 0.0006982024060562253]"
"[0.4627567231655121, 0.361548513174057, -0.5974295735359192, 0.9994015693664551]","[0.47392651438713074, 0.3413429260253906, -0.5710557103157043, 0.9990730285644531]","[0.48135119676589966, 0.34160202741622925, -0.571086585521698, 0.9991612434387207]","[0.4865642488002777, 0.3422316610813141, -0.571283221244812, 0.9992796778678894]","[0.4488685727119446, 0.3407532572746277, -0.5770915150642395, 0.9986644387245178]","[0.4400802552700043, 0.34100374579429626, -0.5770525336265564, 0.9985474348068237]","[0.4326836168766022, 0.3421856760978699, -0.5772317051887512, 0.9983391761779785]","[0.49719786643981934, 0.35534214973449707, -0.3541353940963745, 0.9991494417190552]","[0.41966763138771057, 0.3566116392612457, -0.3790951371192932, 0.99822598695755]","[0.47851040959358215, 0.3840712606906891, -0.5141406655311584, 0.9994814395904541]","[0.44630083441734314, 0.3839857876300812, -0.5216864347457886, 0.9992169737815857]","[0.5500748753547668, 0.483820378780365, -0.2562819719314575, 0.9997599720954895]","[0.3482256233692169, 0.46990683674812317, -0.2205347716808319, 0.9994382858276367]","[0.569685697555542, 0.6429213881492615, -0.1890912652015686, 0.9299908876419067]","[0.21383534371852875, 0.5455169677734375, -0.12697641551494598, 0.9930180311203003]","[0.5506239533424377, 0.7985352277755737, -0.3716941177845001, 0.5670202374458313]","[0.06567920744419098, 0.5588465929031372, -0.25086086988449097, 0.9320099949836731]","[0.5583305358886719, 0.8560169339179993, -0.41242823004722595, 0.38723835349082947]","[0.015089340507984161, 0.5619568824768066, -0.275740385055542, 0.7989540696144104]","[0.5473904609680176, 0.8536718487739563, -0.4739812910556793, 0.45300284028053284]","[0.009790126234292984, 0.5596320629119873, -0.35065963864326477, 0.8356632590293884]","[0.5397282838821411, 0.8354613184928894, -0.4042056202888489, 0.5063871145248413]","[0.025269316509366035, 0.5618951320648193, -0.29021933674812317, 0.8828849196434021]","[0.5062220692634583, 0.7956842184066772, -0.005584680940955877, 0.7649074792861938]","[0.3715153634548187, 0.7914263606071472, 0.006149244960397482, 0.7815523743629456]","[0.5042091608047485, 1.020654320716858, 0.1182219535112381, 0.015217009000480175]","[0.375503808259964, 1.0171990394592285, 0.10654087364673615, 0.011978421360254288]","[0.5108922719955444, 1.2551989555358887, 0.4826244115829468, 0.0012922766618430614]","[0.36528098583221436, 1.2525708675384521, 0.35433053970336914, 0.0012444384628906846]","[0.5023301243782043, 1.2684476375579834, 0.5073797702789307, 0.0021243623923510313]","[0.36208850145339966, 1.2840393781661987, 0.36916086077690125, 0.0012797543313354254]","[0.47722235321998596, 1.3118093013763428, 0.25182193517684937, 0.0006683720857836306]","[0.3683364689350128, 1.3130131959915161, 0.05895933136343956, 0.0006962076295167208]"
"[0.4626671075820923, 0.3613812029361725, -0.5943592190742493, 0.9993727207183838]","[0.4737551808357239, 0.34117358922958374, -0.5686176419258118, 0.9990307092666626]","[0.4812241792678833, 0.341453492641449, -0.5684973001480103, 0.999122142791748]","[0.4864380657672882, 0.34206700325012207, -0.5686582922935486, 0.9992426633834839]","[0.4487205445766449, 0.3405980169773102, -0.5707365870475769, 0.9986214637756348]","[0.4399731755256653, 0.34084928035736084, -0.5705649852752686, 0.9984957575798035]","[0.43262210488319397, 0.3420279920101166, -0.5707623958587646, 0.9982882738113403]","[0.4971427917480469, 0.35502949357032776, -0.34734049439430237, 0.9990916848182678]","[0.41965997219085693, 0.35647448897361755, -0.36724185943603516, 0.9981412887573242]","[0.4784594476222992, 0.38382166624069214, -0.5107632279396057, 0.9994661211967468]","[0.4462973475456238, 0.3837052881717682, -0.5176773071289062, 0.9992011189460754]","[0.5498660206794739, 0.4836778938770294, -0.2441084086894989, 0.9997527599334717]","[0.34977564215660095, 0.46985524892807007, -0.20011533796787262, 0.99943608045578]","[0.5679365992546082, 0.6410497426986694, -0.17961664497852325, 0.9288114309310913]","[0.21744036674499512, 0.5520660281181335, -0.11069709062576294, 0.9920296669006348]","[0.5497031807899475, 0.7948141098022461, -0.36966046690940857, 0.555993378162384]","[0.06344249844551086, 0.5757548809051514, -0.23805749416351318, 0.9126370549201965]","[0.5573822259902954, 0.8514595627784729, -0.4057711362838745, 0.3781628906726837]","[0.015215209685266018, 0.5829623341560364, -0.2636897563934326, 0.7706709504127502]","[0.546459972858429, 0.8528107404708862, -0.4592670202255249, 0.4424045979976654]","[0.010563423857092857, 0.5810849070549011, -0.3372595012187958, 0.809393048286438]","[0.5395612716674805, 0.8314461708068848, -0.3973873555660248, 0.49436479806900024]","[0.026692615821957588, 0.5835561752319336, -0.27726423740386963, 0.8604679107666016]","[0.5055091381072998, 0.7935766577720642, -0.005993680562824011, 0.7665463089942932]","[0.37308672070503235, 0.78984135389328, 0.006584621034562588, 0.7837738394737244]","[0.5026281476020813, 1.020622968673706, 0.1196383386850357, 0.014783496037125587]","[0.37551409006118774, 1.016987919807434, 0.10659074038267136, 0.011654449626803398]","[0.5088202953338623, 1.2523119449615479, 0.4822870194911957, 0.0013131678570061922]","[0.365120530128479, 1.2526129484176636, 0.3532889187335968, 0.001267524203285575]","[0.5012623071670532, 1.2682021856307983, 0.5071111917495728, 0.0021673613227903843]","[0.3617972731590271, 1.2840880155563354, 0.36787149310112, 0.001334030763246119]","[0.47414517402648926, 1.3116737604141235, 0.25315946340560913, 0.0006833327352069318]","[0.36764606833457947, 1.3130381107330322, 0.0591236874461174, 0.0007069411803968251]"
"[0.46281951665878296, 0.3605673313140869, -0.6057376861572266, 0.9993975758552551]","[0.4737841784954071, 0.3406533896923065, -0.576992392539978, 0.9990707635879517]","[0.4812173545360565, 0.3409876525402069, -0.5769466161727905, 0.9991568326950073]","[0.4864305257797241, 0.3415916860103607, -0.5771260857582092, 0.9992694854736328]","[0.4488579332828522, 0.3400581181049347, -0.5818696022033691, 0.9986891150474548]","[0.44007009267807007, 0.3403488099575043, -0.581760048866272, 0.9985682368278503]","[0.4327426850795746, 0.34149011969566345, -0.5819564461708069, 0.9983764290809631]","[0.49713125824928284, 0.35447004437446594, -0.3484365940093994, 0.9991222620010376]","[0.41964972019195557, 0.3562238812446594, -0.37199488282203674, 0.9982337951660156]","[0.47848185896873474, 0.3831486999988556, -0.5200390815734863, 0.9994885325431824]","[0.4464203417301178, 0.3828384578227997, -0.5265640020370483, 0.999242901802063]","[0.5497170686721802, 0.4835509657859802, -0.244413822889328, 0.9997590780258179]","[0.3500898480415344, 0.4695949852466583, -0.20880426466464996, 0.9994668960571289]","[0.5660088658332825, 0.6406980752944946, -0.19085165858268738, 0.9287129044532776]","[0.21772293746471405, 0.5667412281036377, -0.13054554164409637, 0.9915508031845093]","[0.5470520257949829, 0.7951297163963318, -0.3991377651691437, 0.5481036305427551]","[0.0611034631729126, 0.615628719329834, -0.28464066982269287, 0.8919327259063721]","[0.5538492202758789, 0.8515084385871887, -0.4425589144229889, 0.3716554641723633]","[0.011100275442004204, 0.6281068325042725, -0.31889718770980835, 0.7442821860313416]","[0.5441935658454895, 0.8528626561164856, -0.5010592341423035, 0.4344324767589569]","[0.004619112238287926, 0.6265695691108704, -0.4009740650653839, 0.7855921983718872]","[0.5382153987884521, 0.8309429883956909, -0.4306023120880127, 0.48454248905181885]","[0.02259337343275547, 0.6264887452125549, -0.3278692960739136, 0.839458167552948]","[0.5051376223564148, 0.791824996471405, -0.005808766931295395, 0.7689634561538696]","[0.37539854645729065, 0.7894172668457031, 0.006494235247373581, 0.7884989380836487]","[0.5053161382675171, 1.0207000970840454, 0.11971013247966766, 0.014451024122536182]","[0.37779131531715393, 1.017981767654419, 0.10460871458053589, 0.011360877193510532]","[0.5084054470062256, 1.2492514848709106, 0.48034703731536865, 0.001356906839646399]","[0.3671610653400421, 1.2552554607391357, 0.3508220314979553, 0.001311604748480022]","[0.5027526021003723, 1.2682135105133057, 0.5049546957015991, 0.002275709528476]","[0.3639758825302124, 1.288097620010376, 0.36708611249923706, 0.0014508229214698076]","[0.4745277464389801, 1.3116956949234009, 0.2524907886981964, 0.0007224153378047049]","[0.3678533136844635, 1.3168425559997559, 0.045542724430561066, 0.0007390804239548743]"
"[0.4641132950782776, 0.35987576842308044, -0.5997604727745056, 0.9994174838066101]","[0.4745643734931946, 0.34026601910591125, -0.5699634552001953, 0.999109148979187]","[0.48146453499794006, 0.34062784910202026, -0.5698228478431702, 0.9991861581802368]","[0.48670175671577454, 0.34126272797584534, -0.5699658393859863, 0.9992905855178833]","[0.4502081274986267, 0.3396092653274536, -0.5784256458282471, 0.9987621307373047]","[0.44121885299682617, 0.33997172117233276, -0.5784379839897156, 0.9986456632614136]","[0.4336894154548645, 0.3410983979701996, -0.5785914659500122, 0.9984721541404724]","[0.4972516596317291, 0.3541952669620514, -0.32293960452079773, 0.9991492629051208]","[0.4200913608074188, 0.35602664947509766, -0.3714996874332428, 0.998349666595459]","[0.4790438115596771, 0.38266709446907043, -0.5162956714630127, 0.9995102286338806]","[0.4475151300430298, 0.3820692002773285, -0.5204859972000122, 0.9992898106575012]","[0.5495991706848145, 0.4834800958633423, -0.20487865805625916, 0.9997629523277283]","[0.35094568133354187, 0.46953070163726807, -0.21355123817920685, 0.9995046257972717]","[0.5645719170570374, 0.6404370665550232, -0.16120760142803192, 0.9249205589294434]","[0.21898023784160614, 0.5819684267044067, -0.17385493218898773, 0.9906784892082214]","[0.5447916984558105, 0.7949522733688354, -0.3799908459186554, 0.5280493497848511]","[0.06502022594213486, 0.6574186086654663, -0.34972676634788513, 0.8631852865219116]","[0.5527095198631287, 0.8469356894493103, -0.4214060306549072, 0.3582659363746643]","[0.011062422767281532, 0.6835517883300781, -0.39346009492874146, 0.7132667303085327]","[0.542650580406189, 0.8513593077659607, -0.4818390905857086, 0.41929513216018677]","[0.006956408265978098, 0.6844401955604553, -0.470684289932251, 0.7569671869277954]","[0.5370599627494812, 0.8291534185409546, -0.4115651249885559, 0.46730899810791016]","[0.025915812700986862, 0.6801411509513855, -0.3913617730140686, 0.813014566898346]","[0.5051057934761047, 0.7908951044082642, 0.010016259737312794, 0.7713852524757385]","[0.37892013788223267, 0.7895019054412842, -0.008916192688047886, 0.7946988940238953]","[0.5140256285667419, 1.0207279920578003, 0.12922480702400208, 0.014137105084955692]","[0.3852734863758087, 1.0207529067993164, 0.06625217944383621, 0.010979171842336655]","[0.5155165791511536, 1.245644211769104, 0.48159700632095337, 0.0014525051228702068]","[0.3740357458591461, 1.2583467960357666, 0.2947428524494171, 0.001411014935001731]","[0.5045332312583923, 1.2673115730285645, 0.5054084062576294, 0.0025439292658120394]","[0.37195613980293274, 1.291740894317627, 0.3062466084957123, 0.0016725326422601938]","[0.47998979687690735, 1.3121150732040405, 0.26248201727867126, 0.0007985708652995527]","[0.3678860366344452, 1.322885274887085, -0.0003705848357640207, 0.0008020622190088034]"
"[0.4647206664085388, 0.3596765697002411, -0.5663368105888367, 0.9994298815727234]","[0.4751984775066376, 0.34014055132865906, -0.5364128351211548, 0.9991351962089539]","[0.4817105233669281, 0.3405263125896454, -0.5363333225250244, 0.9992029666900635]","[0.4870452880859375, 0.34121981263160706, -0.5364401936531067, 0.9992976188659668]","[0.4510676860809326, 0.3394026458263397, -0.5460979342460632, 0.9988266825675964]","[0.4419153034687042, 0.33978545665740967, -0.5460380911827087, 0.9987146258354187]","[0.4342643618583679, 0.3408814072608948, -0.5462369918823242, 0.9985582232475281]","[0.49750930070877075, 0.35412806272506714, -0.30666133761405945, 0.9991663098335266]","[0.4204091727733612, 0.3558424413204193, -0.35363394021987915, 0.9984527826309204]","[0.4793514311313629, 0.3825284540653229, -0.4844643771648407, 0.999520480632782]","[0.4480205178260803, 0.38178813457489014, -0.49277931451797485, 0.999327540397644]","[0.5493953227996826, 0.4834195673465729, -0.1915154606103897, 0.9997565746307373]","[0.35196515917778015, 0.46946340799331665, -0.21396856009960175, 0.9995396733283997]","[0.5638188719749451, 0.6396176815032959, -0.14743511378765106, 0.9165071249008179]","[0.22894607484340668, 0.5968437194824219, -0.18101109564304352, 0.9893151521682739]","[0.5432325601577759, 0.7897745370864868, -0.36222732067108154, 0.502919614315033]","[0.08648692071437836, 0.6886574029922485, -0.34373146295547485, 0.8321150541305542]","[0.5504776835441589, 0.838397204875946, -0.4026671051979065, 0.3425019085407257]","[0.03630785644054413, 0.7235610485076904, -0.3838762938976288, 0.6817563772201538]","[0.5415345430374146, 0.8402285575866699, -0.4677543342113495, 0.4016767144203186]","[0.03686468303203583, 0.7278303503990173, -0.4571324288845062, 0.7277692556381226]","[0.536173939704895, 0.8232901096343994, -0.39538145065307617, 0.4474479556083679]","[0.05429020896553993, 0.720929741859436, -0.38305747509002686, 0.7856354117393494]","[0.5050436854362488, 0.7910525798797607, 0.016617722809314728, 0.7718287706375122]","[0.38087186217308044, 0.7913094162940979, -0.015497235581278801, 0.8013505935668945]","[0.5187071561813354, 1.0197827816009521, 0.11901528388261795, 0.014622881077229977]","[0.38792550563812256, 1.0232287645339966, 0.041790030896663666, 0.01124564465135336]","[0.5148542523384094, 1.2411646842956543, 0.4376572072505951, 0.0017841769149526954]","[0.3750728666782379, 1.2612429857254028, 0.23747798800468445, 0.0018135703867301345]","[0.5016525387763977, 1.2646764516830444, 0.45879772305488586, 0.003276800038293004]","[0.3740902543067932, 1.295109748840332, 0.24557797610759735, 0.0022779114078730345]","[0.4807645380496979, 1.3122751712799072, 0.23976227641105652, 0.001056376495398581]","[0.36231040954589844, 1.3272162675857544, -0.04033781588077545, 0.0010301275178790092]"
"[0.4648084044456482, 0.3593372106552124, -0.5656037330627441, 0.9994622468948364]","[0.4755077660083771, 0.3398880660533905, -0.5359585285186768, 0.9991867542266846]","[0.4818589985370636, 0.3403172492980957, -0.5358980298042297, 0.9992469549179077]","[0.48725414276123047, 0.34108757972717285, -0.5360161066055298, 0.9993301033973694]","[0.4513615369796753, 0.3390674591064453, -0.545565664768219, 0.9989126324653625]","[0.4421263337135315, 0.33943384885787964, -0.5454877018928528, 0.9988093972206116]","[0.4344738721847534, 0.3404355049133301, -0.5456669330596924, 0.9986685514450073]","[0.497738242149353, 0.3539789915084839, -0.30687829852104187, 0.9992108345031738]","[0.4206738770008087, 0.355342835187912, -0.3471199870109558, 0.9985721111297607]","[0.4794175624847412, 0.38214799761772156, -0.48346930742263794, 0.9995480179786682]","[0.44803524017333984, 0.38124117255210876, -0.4924243986606598, 0.9993782043457031]","[0.5490162968635559, 0.48306581377983093, -0.18908585608005524, 0.9997499585151672]","[0.35521790385246277, 0.46866050362586975, -0.21263687312602997, 0.9995738863945007]","[0.5634861588478088, 0.6392742395401001, -0.1322343349456787, 0.9094601273536682]","[0.24614548683166504, 0.6059131622314453, -0.17100273072719574, 0.9876993894577026]","[0.5413376688957214, 0.7893701195716858, -0.34644755721092224, 0.48383939266204834]","[0.12487397342920303, 0.7130864858627319, -0.341683954000473, 0.8084401488304138]","[0.548056960105896, 0.8345201015472412, -0.39003798365592957, 0.33249256014823914]","[0.09014668315649033, 0.747235119342804, -0.38365134596824646, 0.657888650894165]","[0.539645791053772, 0.8361039161682129, -0.45756348967552185, 0.3910047709941864]","[0.09411296993494034, 0.7517773509025574, -0.4566807746887207, 0.7062109708786011]","[0.5335904359817505, 0.8207544088363647, -0.37969815731048584, 0.4335991144180298]","[0.10701675713062286, 0.7443169355392456, -0.37998780608177185, 0.7643243074417114]","[0.5050387382507324, 0.7908802032470703, 0.015195568092167377, 0.7798468470573425]","[0.3819018602371216, 0.7915856838226318, -0.014182011596858501, 0.812902569770813]","[0.5192458629608154, 1.0167866945266724, 0.08391624689102173, 0.01806938275694847]","[0.39244580268859863, 1.02452552318573, 0.021731061860919, 0.014135046862065792]","[0.5139260292053223, 1.2332899570465088, 0.38254860043525696, 0.003450320567935705]","[0.37605854868888855, 1.2658478021621704, 0.20221279561519623, 0.0037750359624624252]","[0.5015935301780701, 1.261368751525879, 0.40194082260131836, 0.005878522526472807]","[0.3750341534614563, 1.2998307943344116, 0.20884957909584045, 0.004522670991718769]","[0.480709433555603, 1.3124878406524658, 0.17795930802822113, 0.0023310896940529346]","[0.3616316616535187, 1.330997347831726, -0.07591632008552551, 0.002076630713418126]"
"[0.4649370014667511, 0.3589980900287628, -0.5655829310417175, 0.9994736909866333]","[0.47580933570861816, 0.3397314250469208, -0.5363649725914001, 0.999208390712738]","[0.4820004105567932, 0.34023022651672363, -0.536351203918457, 0.9992613196372986]","[0.48747459053993225, 0.34107884764671326, -0.536473274230957, 0.9993342757225037]","[0.45169973373413086, 0.33870556950569153, -0.5447598695755005, 0.998970091342926]","[0.44237321615219116, 0.3390190899372101, -0.5446875095367432, 0.9988741874694824]","[0.4346630573272705, 0.3399013876914978, -0.5448731780052185, 0.9987483620643616]","[0.49784114956855774, 0.3539680540561676, -0.31214630603790283, 0.9992261528968811]","[0.4207027554512024, 0.354868084192276, -0.3468654751777649, 0.9986511468887329]","[0.4794395864009857, 0.38187938928604126, -0.4835188388824463, 0.9995615482330322]","[0.44802531599998474, 0.380744993686676, -0.4915492832660675, 0.9994144439697266]","[0.5473561882972717, 0.48213404417037964, -0.19195431470870972, 0.9997166991233826]","[0.3572160005569458, 0.46818670630455017, -0.21137282252311707, 0.9995957612991333]","[0.562670111656189, 0.6372076272964478, -0.13353952765464783, 0.8982154130935669]","[0.25924891233444214, 0.6124430298805237, -0.1654444932937622, 0.98419189453125]","[0.5397980213165283, 0.7854697704315186, -0.33232924342155457, 0.45871424674987793]","[0.16506248712539673, 0.7349819540977478, -0.332307368516922, 0.7722288370132446]","[0.5458207130432129, 0.829616129398346, -0.3772878348827362, 0.317822128534317]","[0.13652154803276062, 0.7622888684272766, -0.3725951611995697, 0.624587893486023]","[0.5371502637863159, 0.8320351839065552, -0.4418525695800781, 0.37457260489463806]","[0.14231733977794647, 0.7677860260009766, -0.44435566663742065, 0.673893392086029]","[0.5311758518218994, 0.8147609829902649, -0.364223450422287, 0.4137365520000458]","[0.15418316423892975, 0.7600642442703247, -0.3697958290576935, 0.7314767241477966]","[0.5048180818557739, 0.7903708219528198, 0.01328213233500719, 0.7834713459014893]","[0.3823384642601013, 0.7918733954429626, -0.012371925637125969, 0.8210444450378418]","[0.5196309685707092, 1.0132062435150146, 0.03296938166022301, 0.0227560643106699]","[0.3943597674369812, 1.0246742963790894, 0.013688379898667336, 0.01778910495340824]","[0.5137115716934204, 1.2182934284210205, 0.3123050034046173, 0.005304386373609304]","[0.37663137912750244, 1.2663846015930176, 0.1759520024061203, 0.005890116561204195]","[0.5001689791679382, 1.258028268814087, 0.3295956552028656, 0.008307700045406818]","[0.3752569556236267, 1.3007944822311401, 0.18039430677890778, 0.0072916410863399506]","[0.480352520942688, 1.3115261793136597, 0.09977876394987106, 0.0037311783526092768]","[0.3617391288280487, 1.3301645517349243, -0.1029985323548317, 0.0033631364349275827]"
"[0.4649716317653656, 0.358376145362854, -0.5589222311973572, 0.9994502067565918]","[0.47593632340431213, 0.3393718898296356, -0.5290801525115967, 0.9991786479949951]","[0.4820682108402252, 0.3399967849254608, -0.5291426181793213, 0.9992251992225647]","[0.48757195472717285, 0.34096014499664307, -0.5293030738830566, 0.9992920756340027]","[0.45177608728408813, 0.33803391456604004, -0.5373654365539551, 0.9989785552024841]","[0.4424128234386444, 0.33822762966156006, -0.5373148322105408, 0.9988892078399658]","[0.43468427658081055, 0.3389029800891876, -0.5375587940216064, 0.9987779259681702]","[0.4978668689727783, 0.3539002537727356, -0.3051343262195587, 0.9991772174835205]","[0.4206359386444092, 0.35380470752716064, -0.34048962593078613, 0.9986711144447327]","[0.4794335961341858, 0.3815048635005951, -0.47618725895881653, 0.9995536208152771]","[0.44781479239463806, 0.38008666038513184, -0.48488345742225647, 0.9994297027587891]","[0.5458549857139587, 0.48135140538215637, -0.18390971422195435, 0.9996621608734131]","[0.35746026039123535, 0.4681216776371002, -0.21044936776161194, 0.9996004700660706]","[0.5610740184783936, 0.6358495950698853, -0.1132519468665123, 0.8835359811782837]","[0.27223843336105347, 0.620629608631134, -0.164131760597229, 0.9785539507865906]","[0.5390246510505676, 0.7850472927093506, -0.3019753694534302, 0.42963576316833496]","[0.19638900458812714, 0.7502838969230652, -0.3315545618534088, 0.724941611289978]","[0.5445578694343567, 0.8292462825775146, -0.34796857833862305, 0.29934945702552795]","[0.17341254651546478, 0.7797719240188599, -0.3751063644886017, 0.5838034152984619]","[0.5358457565307617, 0.8319770693778992, -0.41127529740333557, 0.35346153378486633]","[0.17923800647258759, 0.7876090407371521, -0.44382718205451965, 0.6323297619819641]","[0.5306136012077332, 0.8157618641853333, -0.3337574303150177, 0.3895901143550873]","[0.1905754804611206, 0.7793267369270325, -0.3671402335166931, 0.6882961392402649]","[0.5043450593948364, 0.7903397083282471, 0.012582880444824696, 0.7791442275047302]","[0.3821820616722107, 0.7921187281608582, -0.011691682040691376, 0.8219645023345947]","[0.519115686416626, 1.0134557485580444, 0.05801817402243614, 0.023715192452073097]","[0.3938349485397339, 1.0246353149414062, 0.025152649730443954, 0.01853206939995289]","[0.5124027132987976, 1.2225948572158813, 0.3639320731163025, 0.005723354406654835]","[0.3763720989227295, 1.2660244703292847, 0.2128036618232727, 0.006406753323972225]","[0.49920937418937683, 1.2580647468566895, 0.3834870457649231, 0.00903660524636507]","[0.3749241828918457, 1.3005350828170776, 0.22060991823673248, 0.008272754959762096]","[0.4782159626483917, 1.3115136623382568, 0.14865244925022125, 0.003950044978410006]","[0.3623780608177185, 1.3298953771591187, -0.06954580545425415, 0.0036587060894817114]"
"[0.46496814489364624, 0.3573121428489685, -0.520353376865387, 0.9993990063667297]","[0.4758494198322296, 0.33826112747192383, -0.49213090538978577, 0.9991137385368347]","[0.4820167124271393, 0.3389849066734314, -0.4921739101409912, 0.9991491436958313]","[0.48747703433036804, 0.3398253917694092, -0.4923619031906128, 0.9992197751998901]","[0.45165717601776123, 0.33729350566864014, -0.5001594424247742, 0.9989599585533142]","[0.44235268235206604, 0.3375746011734009, -0.5001002550125122, 0.9988722801208496]","[0.43461722135543823, 0.338301420211792, -0.5003570318222046, 0.9987812042236328]","[0.49736595153808594, 0.35280629992485046, -0.27826035022735596, 0.9990677833557129]","[0.4203265309333801, 0.3532709777355194, -0.3125539720058441, 0.998653769493103]","[0.47941505908966064, 0.38049766421318054, -0.44070562720298767, 0.9995313286781311]","[0.44756609201431274, 0.37940824031829834, -0.4494672417640686, 0.9994316697120667]","[0.5451338291168213, 0.48054173588752747, -0.17470893263816833, 0.9996197819709778]","[0.357448548078537, 0.468193382024765, -0.20273993909358978, 0.9996077418327332]","[0.5599657893180847, 0.634261965751648, -0.10884790867567062, 0.8723923563957214]","[0.2797538936138153, 0.6269940137863159, -0.16219103336334229, 0.9736002683639526]","[0.5371682047843933, 0.784099280834198, -0.2835032641887665, 0.40293726325035095]","[0.22136738896369934, 0.767599880695343, -0.32498979568481445, 0.6807373762130737]","[0.5424931645393372, 0.8275762796401978, -0.32746177911758423, 0.28241291642189026]","[0.20069749653339386, 0.8012528419494629, -0.37194716930389404, 0.5459786653518677]","[0.5337408781051636, 0.8301166892051697, -0.38455015420913696, 0.3340415954589844]","[0.21216237545013428, 0.8111344575881958, -0.4269199073314667, 0.5930641889572144]","[0.5284797549247742, 0.8149232864379883, -0.312117338180542, 0.36729171872138977]","[0.22208091616630554, 0.800255537033081, -0.35235413908958435, 0.647139847278595]","[0.5039036273956299, 0.7910682559013367, 0.010171046480536461, 0.7668247222900391]","[0.38149866461753845, 0.7933005094528198, -0.009261338040232658, 0.8166869282722473]","[0.5153095126152039, 1.0180842876434326, 0.06703796237707138, 0.02284504845738411]","[0.3933263123035431, 1.025710940361023, 0.03302920609712601, 0.017955264076590538]","[0.5123655796051025, 1.2247284650802612, 0.3811749815940857, 0.005529499147087336]","[0.3761886656284332, 1.2656819820404053, 0.22872713208198547, 0.006213806103914976]","[0.49900028109550476, 1.2611650228500366, 0.4013039767742157, 0.008822175674140453]","[0.3747362792491913, 1.300053358078003, 0.2378060519695282, 0.008252608589828014]","[0.47595497965812683, 1.3144923448562622, 0.16675274074077606, 0.0037969539407640696]","[0.36489516496658325, 1.329325795173645, -0.056302789598703384, 0.003547271015122533]"
"[0.46405738592147827, 0.3568527400493622, -0.48011741042137146, 0.9993014931678772]","[0.4750860333442688, 0.3378562927246094, -0.4517582058906555, 0.9989665746688843]","[0.481648325920105, 0.3386388421058655, -0.4518033564090729, 0.999017596244812]","[0.48698994517326355, 0.3394375145435333, -0.45200788974761963, 0.9990739226341248]","[0.450451135635376, 0.33705246448516846, -0.4596361517906189, 0.9988579750061035]","[0.44130387902259827, 0.3373573422431946, -0.459592342376709, 0.9987932443618774]","[0.4335249662399292, 0.3381064832210541, -0.45983755588531494, 0.9987010359764099]","[0.4966716468334198, 0.35250452160835266, -0.24233299493789673, 0.998866617679596]","[0.41887518763542175, 0.3532067835330963, -0.27526187896728516, 0.9985333681106567]","[0.4788374602794647, 0.37989547848701477, -0.40220907330513, 0.9994620084762573]","[0.44613778591156006, 0.37910398840904236, -0.4108041226863861, 0.9993804097175598]","[0.5448265075683594, 0.4803246557712555, -0.1428697407245636, 0.9995553493499756]","[0.3573508858680725, 0.4686621427536011, -0.1749369353055954, 0.9995968341827393]","[0.5589914917945862, 0.6340667605400085, -0.07279718667268753, 0.8603894710540771]","[0.28848350048065186, 0.6308408379554749, -0.12566602230072021, 0.968187153339386]","[0.5356621146202087, 0.784397304058075, -0.23187223076820374, 0.3760773241519928]","[0.24779893457889557, 0.771103024482727, -0.26467272639274597, 0.6368440985679626]","[0.5410342812538147, 0.8284323811531067, -0.26818418502807617, 0.26471519470214844]","[0.23134064674377441, 0.8047017455101013, -0.3037731349468231, 0.5085678100585938]","[0.5320442914962769, 0.8312534093856812, -0.3240535855293274, 0.31379953026771545]","[0.24240539968013763, 0.8122251033782959, -0.3560011088848114, 0.5539231896400452]","[0.5267388820648193, 0.8153678774833679, -0.25915277004241943, 0.3445523977279663]","[0.2512951195240021, 0.8014922142028809, -0.28983646631240845, 0.605230987071991]","[0.5032714605331421, 0.7921964526176453, 0.005992155056446791, 0.7469585537910461]","[0.3783012926578522, 0.7933794260025024, -0.005054899491369724, 0.802763819694519]","[0.5077004432678223, 1.0223243236541748, 0.059643082320690155, 0.02133484184741974]","[0.39238619804382324, 1.0256606340408325, 0.02248355560004711, 0.017008258029818535]","[0.5119789838790894, 1.226914644241333, 0.3447622060775757, 0.0051675839349627495]","[0.3746914863586426, 1.2649023532867432, 0.1958276629447937, 0.005858149845153093]","[0.4967239201068878, 1.2663602828979492, 0.36200085282325745, 0.008344268426299095]","[0.37106889486312866, 1.299509882926941, 0.20281121134757996, 0.007982141338288784]","[0.46860411763191223, 1.3184400796890259, 0.13067641854286194, 0.0035470356233417988]","[0.3651008903980255, 1.3290972709655762, -0.08371514827013016, 0.003337954869493842]"
"[0.46219372749328613, 0.3560654819011688, -0.4680728614330292, 0.9991550445556641]","[0.47320523858070374, 0.337113618850708, -0.43902406096458435, 0.9987626671791077]","[0.4805639684200287, 0.3380303680896759, -0.4390896260738373, 0.9988071322441101]","[0.4860546588897705, 0.33884042501449585, -0.4392792284488678, 0.9988774657249451]","[0.44830742478370667, 0.336451917886734, -0.448293000459671, 0.9987143278121948]","[0.4395614266395569, 0.33675670623779297, -0.4482564628124237, 0.9986603856086731]","[0.4315294027328491, 0.33745256066322327, -0.44849446415901184, 0.9985847473144531]","[0.4956109821796417, 0.35193371772766113, -0.22864024341106415, 0.9985606074333191]","[0.4176037907600403, 0.35291582345962524, -0.26686978340148926, 0.9983393549919128]","[0.4776660203933716, 0.37897902727127075, -0.390034556388855, 0.9993655681610107]","[0.4443776607513428, 0.37846633791923523, -0.40026405453681946, 0.9993000626564026]","[0.5444754958152771, 0.4799056947231293, -0.13040852546691895, 0.9994603991508484]","[0.3570522964000702, 0.4694320857524872, -0.1721174120903015, 0.9995690584182739]","[0.5585897564888, 0.6336333751678467, -0.06121949851512909, 0.8484498858451843]","[0.2976655662059784, 0.6362115740776062, -0.12748953700065613, 0.9637613892555237]","[0.5350525379180908, 0.7847132086753845, -0.2160753458738327, 0.35172006487846375]","[0.2683502435684204, 0.774432897567749, -0.26839694380760193, 0.5964447855949402]","[0.540721595287323, 0.8281176686286926, -0.2519208490848541, 0.24866150319576263]","[0.2557188868522644, 0.8086087703704834, -0.30751585960388184, 0.474098801612854]","[0.531613826751709, 0.8299444317817688, -0.30712026357650757, 0.2953263521194458]","[0.26976630091667175, 0.8134279251098633, -0.3586168885231018, 0.5177567601203918]","[0.5260711312294006, 0.8143527507781982, -0.24308617413043976, 0.32416054606437683]","[0.2783512473106384, 0.8023738265037537, -0.2931605279445648, 0.566452145576477]","[0.5032690763473511, 0.7924167513847351, 0.002393376315012574, 0.7270272970199585]","[0.37749946117401123, 0.7933946251869202, -0.001481858198530972, 0.7867364883422852]","[0.506112813949585, 1.0229098796844482, 0.05181830748915672, 0.019843503832817078]","[0.39205896854400635, 1.0250405073165894, 0.022089865058660507, 0.016060233116149902]","[0.5114797353744507, 1.2281256914138794, 0.3353078365325928, 0.004793575033545494]","[0.3747359812259674, 1.2602381706237793, 0.19530217349529266, 0.005481502041220665]","[0.4967595636844635, 1.2667574882507324, 0.352448046207428, 0.007790628354996443]","[0.37099993228912354, 1.2939177751541138, 0.20285162329673767, 0.007672659587115049]","[0.46831586956977844, 1.3185919523239136, 0.1213398352265358, 0.0032850317656993866]","[0.3680015206336975, 1.3241130113601685, -0.08168017119169235, 0.0031331719364970922]"
"[0.4599379301071167, 0.3552798628807068, -0.4411947727203369, 0.999022901058197]","[0.4711475968360901, 0.33632493019104004, -0.41305360198020935, 0.9985853433609009]","[0.47908875346183777, 0.33731308579444885, -0.4131321310997009, 0.9985964894294739]","[0.4849880635738373, 0.3382064402103424, -0.4133265018463135, 0.9987075328826904]","[0.44597411155700684, 0.33578965067863464, -0.4230465888977051, 0.9986068606376648]","[0.4375897943973541, 0.3360499441623688, -0.4230404496192932, 0.9985505938529968]","[0.42915937304496765, 0.3367149531841278, -0.4232746958732605, 0.9985156655311584]","[0.4943874478340149, 0.35134315490722656, -0.20901654660701752, 0.9982369542121887]","[0.4162566363811493, 0.35248127579689026, -0.24910666048526764, 0.9981908798217773]","[0.4762347340583801, 0.3783597946166992, -0.3650158941745758, 0.9992820024490356]","[0.44229260087013245, 0.3779166638851166, -0.37598103284835815, 0.9992419481277466]","[0.5440930724143982, 0.479537695646286, -0.1130736917257309, 0.9993584156036377]","[0.3557359576225281, 0.4704720079898834, -0.1625903993844986, 0.9995521903038025]","[0.558649480342865, 0.6333387494087219, -0.04041416198015213, 0.8390830755233765]","[0.304356187582016, 0.642146110534668, -0.12294388562440872, 0.9614203572273254]","[0.5349934697151184, 0.7845751643180847, -0.1793208122253418, 0.3318259119987488]","[0.2886412441730499, 0.7833004593849182, -0.2594393789768219, 0.567049503326416]","[0.5408920049667358, 0.8275682926177979, -0.21458208560943604, 0.2357395738363266]","[0.28069376945495605, 0.8173832297325134, -0.2976835072040558, 0.4476495683193207]","[0.5317099094390869, 0.8284099102020264, -0.26764172315597534, 0.280117005109787]","[0.2961757183074951, 0.8224985599517822, -0.34299808740615845, 0.48981067538261414]","[0.5261595249176025, 0.8127846717834473, -0.20510010421276093, 0.30748873949050903]","[0.3045090436935425, 0.8106065988540649, -0.28057146072387695, 0.5360559821128845]","[0.5036725401878357, 0.7928162813186646, -0.0028584625106304884, 0.7164630889892578]","[0.37698230147361755, 0.7937490940093994, 0.0036900974810123444, 0.7792021036148071]","[0.5057974457740784, 1.0236873626708984, 0.035616204142570496, 0.01869390718638897]","[0.39180153608322144, 1.0249640941619873, 0.023081595078110695, 0.015479771420359612]","[0.5107825994491577, 1.2285834550857544, 0.3171437084674835, 0.004470193292945623]","[0.3755641281604767, 1.2571766376495361, 0.195648655295372, 0.005191754549741745]","[0.4949233829975128, 1.2652679681777954, 0.33399951457977295, 0.007255528122186661]","[0.3713080883026123, 1.2901288270950317, 0.20397083461284637, 0.00745261600241065]","[0.4692717492580414, 1.3189382553100586, 0.10527520626783371, 0.003060889896005392]","[0.3734681010246277, 1.3205634355545044, -0.07534769922494888, 0.0029888954013586044]"
"[0.45674365758895874, 0.3550459146499634, -0.4366588890552521, 0.9989342093467712]","[0.4686184227466583, 0.3361157774925232, -0.40839892625808716, 0.9984654784202576]","[0.477104127407074, 0.3370652198791504, -0.40850797295570374, 0.9984504580497742]","[0.4836616814136505, 0.3380090892314911, -0.4087212085723877, 0.9985949993133545]","[0.4430985450744629, 0.33561134338378906, -0.41667798161506653, 0.9985299706459045]","[0.4351194202899933, 0.33578136563301086, -0.41666489839553833, 0.9984726905822754]","[0.4262221157550812, 0.33647432923316956, -0.4169063866138458, 0.9984714388847351]","[0.49324750900268555, 0.35118839144706726, -0.2030765414237976, 0.9980030655860901]","[0.41492700576782227, 0.352294921875, -0.23443575203418732, 0.9980682134628296]","[0.4742034673690796, 0.3781851530075073, -0.3597491681575775, 0.9992307424545288]","[0.4397159814834595, 0.37773746252059937, -0.3683081567287445, 0.9992023706436157]","[0.5439305901527405, 0.479030042886734, -0.10681893676519394, 0.9992678165435791]","[0.35529986023902893, 0.47102171182632446, -0.14630988240242004, 0.9995262026786804]","[0.5590320229530334, 0.6329345107078552, -0.041244689375162125, 0.8308259844779968]","[0.31158071756362915, 0.6394860148429871, -0.11138766258955002, 0.958439290523529]","[0.53510981798172, 0.7839660048484802, -0.18645170331001282, 0.31388720870018005]","[0.2992384433746338, 0.7831968069076538, -0.25922390818595886, 0.5391197204589844]","[0.5413362979888916, 0.8276305198669434, -0.22582319378852844, 0.2239968627691269]","[0.2903602719306946, 0.8165827989578247, -0.29969096183776855, 0.42262211441993713]","[0.5318833589553833, 0.8278580904006958, -0.2791636288166046, 0.2663634419441223]","[0.30681198835372925, 0.8226321339607239, -0.34635621309280396, 0.46337762475013733]","[0.5263111591339111, 0.8116616606712341, -0.2127746343612671, 0.29218193888664246]","[0.3132614493370056, 0.8115084171295166, -0.28086191415786743, 0.5072343945503235]","[0.5044314861297607, 0.7928916811943054, -0.011460823938250542, 0.7077164053916931]","[0.376738578081131, 0.7937687039375305, 0.01226819958537817, 0.771186888217926]","[0.5054522752761841, 1.0236239433288574, 0.02089923433959484, 0.017782999202609062]","[0.3916970193386078, 1.0222944021224976, 0.0258493572473526, 0.014991619624197483]","[0.5107000470161438, 1.2287263870239258, 0.30483150482177734, 0.004203809890896082]","[0.37650009989738464, 1.2489069700241089, 0.2053886353969574, 0.0049473317340016365]","[0.49448060989379883, 1.2638235092163086, 0.3213927149772644, 0.006787849590182304]","[0.3718718886375427, 1.281524658203125, 0.2141493856906891, 0.00732071790844202]","[0.47095730900764465, 1.317827582359314, 0.08579859882593155, 0.002854378428310156]","[0.3775781989097595, 1.310397744178772, -0.07047690451145172, 0.0028683138079941273]"
"[0.45517095923423767, 0.35462939739227295, -0.436297208070755, 0.9988911747932434]","[0.46695998311042786, 0.3358890116214752, -0.4075417220592499, 0.9984150528907776]","[0.47552114725112915, 0.3367071747779846, -0.407665491104126, 0.9983859062194824]","[0.48247528076171875, 0.33766788244247437, -0.40788453817367554, 0.9985529780387878]","[0.44124677777290344, 0.3355256915092468, -0.4162387549877167, 0.9985074400901794]","[0.43327927589416504, 0.3356803059577942, -0.41621464490890503, 0.9984496235847473]","[0.42409366369247437, 0.3364144265651703, -0.4164585769176483, 0.998470664024353]","[0.49182751774787903, 0.3509233593940735, -0.20101608335971832, 0.9978869557380676]","[0.41362708806991577, 0.3522168695926666, -0.23377662897109985, 0.9980250000953674]","[0.4731251001358032, 0.3779017925262451, -0.35899263620376587, 0.9992111921310425]","[0.4382055997848511, 0.3773881494998932, -0.368041068315506, 0.9991897940635681]","[0.5438637733459473, 0.47861993312835693, -0.10083761811256409, 0.9991863965988159]","[0.35483837127685547, 0.4713834226131439, -0.14614343643188477, 0.999495804309845]","[0.5598153471946716, 0.6325596570968628, -0.03190411627292633, 0.821631908416748]","[0.3179076910018921, 0.6401240825653076, -0.1130303218960762, 0.9551101326942444]","[0.5352068543434143, 0.7841231226921082, -0.17250634729862213, 0.29644453525543213]","[0.31024542450904846, 0.7852244973182678, -0.262475848197937, 0.5105654001235962]","[0.5417702794075012, 0.8279787302017212, -0.21166203916072845, 0.2123066633939743]","[0.3026745915412903, 0.8199920654296875, -0.3036423921585083, 0.39739835262298584]","[0.5319851040840149, 0.8283002972602844, -0.26575204730033875, 0.2525872588157654]","[0.3174740672111511, 0.8243993520736694, -0.3498237133026123, 0.43635669350624084]","[0.5264392495155334, 0.8119917511940002, -0.19921207427978516, 0.27714574337005615]","[0.3257063329219818, 0.814014196395874, -0.284126341342926, 0.4778517186641693]","[0.5052707195281982, 0.7928579449653625, -0.012686765752732754, 0.7041864991188049]","[0.3766101002693176, 0.793738603591919, 0.013530264608561993, 0.7661663293838501]","[0.5053155422210693, 1.0219255685806274, 0.017074579373002052, 0.016871776431798935]","[0.3907054662704468, 1.017632007598877, 0.03589615970849991, 0.014352740719914436]","[0.5112437009811401, 1.2292605638504028, 0.2946178913116455, 0.003959146793931723]","[0.3775569796562195, 1.2396841049194336, 0.22067077457904816, 0.004706524312496185]","[0.4986160099506378, 1.2627923488616943, 0.3104090988636017, 0.006373488809913397]","[0.37282809615135193, 1.2718687057495117, 0.23155644536018372, 0.007112729363143444]","[0.47425758838653564, 1.313317060470581, 0.07201525568962097, 0.0026688959915190935]","[0.3813418447971344, 1.3007750511169434, -0.0426025427877903, 0.002764047123491764]"
"[0.4525328278541565, 0.35437819361686707, -0.44123685359954834, 0.9988918304443359]","[0.46433499455451965, 0.3357197940349579, -0.412357360124588, 0.9984234571456909]","[0.4730137586593628, 0.33637407422065735, -0.412477046251297, 0.9983857274055481]","[0.4806811213493347, 0.3373427093029022, -0.4126954674720764, 0.9985626339912415]","[0.4386959671974182, 0.3354750871658325, -0.4186682403087616, 0.9985278844833374]","[0.430756151676178, 0.33564844727516174, -0.41863197088241577, 0.9984701871871948]","[0.4214990735054016, 0.33641770482063293, -0.418866902589798, 0.9985048174858093]","[0.4903011620044708, 0.35074812173843384, -0.20343321561813354, 0.9978753924369812]","[0.412200003862381, 0.3522232472896576, -0.22505711019039154, 0.9980405569076538]","[0.4714326560497284, 0.37770962715148926, -0.3631149232387543, 0.9992203116416931]","[0.43599796295166016, 0.37723541259765625, -0.36910280585289, 0.9991987943649292]","[0.5435374975204468, 0.47824960947036743, -0.09959658980369568, 0.9991521239280701]","[0.35466253757476807, 0.4716695547103882, -0.13270655274391174, 0.9994798302650452]","[0.560661792755127, 0.6321462988853455, -0.028469989076256752, 0.8174071907997131]","[0.3201065957546234, 0.6379154920578003, -0.0960811898112297, 0.9521297812461853]","[0.5353020429611206, 0.7841383814811707, -0.17106176912784576, 0.28293856978416443]","[0.3179171681404114, 0.7791764736175537, -0.25361737608909607, 0.48588407039642334]","[0.5419234037399292, 0.8277915716171265, -0.2124488651752472, 0.20382189750671387]","[0.31135815382003784, 0.8140401244163513, -0.29770588874816895, 0.3757499158382416]","[0.5319823026657104, 0.8277568221092224, -0.26769497990608215, 0.24268341064453125]","[0.32709619402885437, 0.8182017207145691, -0.3428196907043457, 0.4134233891963959]","[0.5263749957084656, 0.8109089732170105, -0.19806693494319916, 0.266008585691452]","[0.3332391679286957, 0.8058589696884155, -0.27482151985168457, 0.45279616117477417]","[0.5054540634155273, 0.7928268313407898, -0.014146183617413044, 0.7060503959655762]","[0.37660399079322815, 0.7930485606193542, 0.015021013095974922, 0.766373336315155]","[0.5053780674934387, 1.020797610282898, 0.01099134050309658, 0.016176702454686165]","[0.39056774973869324, 1.0157607793807983, 0.036871034651994705, 0.013979213312268257]","[0.5120600461959839, 1.2296442985534668, 0.2880050539970398, 0.00375304464250803]","[0.38031524419784546, 1.2371476888656616, 0.22140216827392578, 0.0045024678111076355]","[0.5013356804847717, 1.2617323398590088, 0.3037090301513672, 0.006006706040352583]","[0.37587109208106995, 1.2691800594329834, 0.23195186257362366, 0.006952016614377499]","[0.4765479564666748, 1.3101638555526733, 0.06156076490879059, 0.002502103801816702]","[0.38459312915802, 1.2976876497268677, -0.042594049125909805, 0.002668140921741724]"
"[0.4504724442958832, 0.3543633818626404, -0.4517291486263275, 0.998857319355011]","[0.4621485471725464, 0.33571839332580566, -0.4230669438838959, 0.9983772039413452]","[0.47093603014945984, 0.3363329768180847, -0.423141211271286, 0.9983294010162354]","[0.4790721833705902, 0.33728426694869995, -0.42333289980888367, 0.9985226392745972]","[0.43681713938713074, 0.33548760414123535, -0.4310500919818878, 0.9984956979751587]","[0.4287783205509186, 0.3356606662273407, -0.4310145676136017, 0.9984381794929504]","[0.41965699195861816, 0.3364798128604889, -0.43124377727508545, 0.998489260673523]","[0.48902150988578796, 0.3505876660346985, -0.2142191082239151, 0.9977931380271912]","[0.41120558977127075, 0.35222864151000977, -0.23625080287456512, 0.9979803562164307]","[0.4698251783847809, 0.3777045011520386, -0.3739809989929199, 0.9992160201072693]","[0.4341215491294861, 0.3772459030151367, -0.3816297948360443, 0.9991909861564636]","[0.543196976184845, 0.47774431109428406, -0.11002400517463684, 0.9991133213043213]","[0.3543769419193268, 0.47180312871932983, -0.1344124674797058, 0.9994564652442932]","[0.5612635612487793, 0.6317195892333984, -0.03874455392360687, 0.816595733165741]","[0.32129302620887756, 0.6362759470939636, -0.09427615255117416, 0.9493798613548279]","[0.5353904366493225, 0.784055233001709, -0.1892610341310501, 0.27316275238990784]","[0.3194519579410553, 0.7750968337059021, -0.25844040513038635, 0.4625663161277771]","[0.5420233011245728, 0.8275612592697144, -0.232644185423851, 0.19720283150672913]","[0.31233808398246765, 0.8098249435424805, -0.29886874556541443, 0.3554060757160187]","[0.532046914100647, 0.8275617957115173, -0.28837984800338745, 0.23484177887439728]","[0.3273107707500458, 0.8138716220855713, -0.3474268317222595, 0.3917863070964813]","[0.526435911655426, 0.8103256225585938, -0.21684519946575165, 0.2571045458316803]","[0.3334011435508728, 0.8007765412330627, -0.2819334864616394, 0.4292985796928406]","[0.5054650902748108, 0.7914457321166992, -0.018378522247076035, 0.7062761187553406]","[0.3764900267124176, 0.790790855884552, 0.01930900663137436, 0.7640036940574646]","[0.5047489404678345, 1.017926573753357, 0.008957820013165474, 0.015481449663639069]","[0.38940030336380005, 1.011235237121582, 0.05944488197565079, 0.01350422389805317]","[0.512328565120697, 1.2298587560653687, 0.2939297556877136, 0.003558242926374078]","[0.3802311420440674, 1.2320085763931274, 0.27191123366355896, 0.004296052269637585]","[0.5014311075210571, 1.2593902349472046, 0.3100561797618866, 0.005658784415572882]","[0.3758656680583954, 1.263916254043579, 0.28473779559135437, 0.00679317070171237]","[0.47667941451072693, 1.3055692911148071, 0.058971624821424484, 0.0023482581600546837]","[0.38427579402923584, 1.291926622390747, -0.0007858736207708716, 0.002579967025667429]"
